{"level":30,"time":1788281190664,"pid":18928,"hostname":"SHAMEEM","port":4000,"msg":"Server Connected"}
{"level":30,"time":1788281190779,"pid":18928,"hostname":"SHAMEEM","msg":"Cron Jobs Initialized"}
{"level":30,"time":1788281191443,"pid":18928,"hostname":"SHAMEEM","msg":"Database connected"}
{"level":30,"time":1788281220017,"pid":18928,"hostname":"SHAMEEM","msg":"Running Contest Finalization Job..."}
{"level":30,"time":1788281220693,"pid":18928,"hostname":"SHAMEEM","msg":"Contest Finalization Job Completed."}
{"level":30,"time":1788281280013,"pid":18928,"hostname":"SHAMEEM","msg":"Running Contest Finalization Job..."}
{"level":30,"time":1788281280054,"pid":18928,"hostname":"SHAMEEM","msg":"Contest Finalization Job Completed."}
{"level":30,"time":1788281298906,"pid":16604,"hostname":"SHAMEEM","port":4000,"msg":"Server Connected"}
{"level":30,"time":1788281298940,"pid":16604,"hostname":"SHAMEEM","msg":"Cron Jobs Initialized"}
{"level":30,"time":1788281299542,"pid":16604,"hostname":"SHAMEEM","msg":"Database connected"}
{"level":30,"time":1788281340017,"pid":16604,"hostname":"SHAMEEM","msg":"Running Contest Finalization Job..."}
{"level":30,"time":1788281340623,"pid":16604,"hostname":"SHAMEEM","msg":"Contest Finalization Job Completed."}
{"level":30,"time":1788281455002,"pid":1716,"hostname":"SHAMEEM","port":4000,"msg":"Server Connected"}
{"level":30,"time":1788281455082,"pid":1716,"hostname":"SHAMEEM","msg":"Cron Jobs Initialized"}
{"level":30,"time":1788281455903,"pid":1716,"hostname":"SHAMEEM","msg":"Database connected"}
{"level":30,"time":1788281460014,"pid":1716,"hostname":"SHAMEEM","msg":"Running Contest Finalization Job..."}
{"level":30,"time":1788281460072,"pid":1716,"hostname":"SHAMEEM","msg":"Contest Finalization Job Completed."}
{"level":30,"time":1788281520005,"pid":1716,"hostname":"SHAMEEM","msg":"Running Contest Finalization Job..."}
{"level":30,"time":1788281520044,"pid":1716,"hostname":"SHAMEEM","msg":"Contest Finalization Job Completed."}
{"level":30,"time":1788281580007,"pid":1716,"hostname":"SHAMEEM","msg":"Running Contest Finalization Job..."}
{"level":30,"time":1788281580047,"pid":1716,"hostname":"SHAMEEM","msg":"Contest Finalization Job Completed."}
{"level":30,"time":1788281661242,"pid":3772,"hostname":"SHAMEEM","port":4000,"msg":"Server Connected"}
{"level":30,"time":1788281661285,"pid":3772,"hostname":"SHAMEEM","msg":"Cron Jobs Initialized"}
{"level":30,"time":1788281663272,"pid":3772,"hostname":"SHAMEEM","msg":"Database connected"}
{"level":30,"time":1788281700017,"pid":3772,"hostname":"SHAMEEM","msg":"Running Contest Finalization Job..."}
{"level":30,"time":1788281700086,"pid":3772,"hostname":"SHAMEEM","msg":"Contest Finalization Job Completed."}
{"level":30,"time":1788281760016,"pid":3772,"hostname":"SHAMEEM","msg":"Running Contest Finalization Job..."}
{"level":30,"time":1788281760054,"pid":3772,"hostname":"SHAMEEM","msg":"Contest Finalization Job Completed."}
{"level":30,"time":1788281820005,"pid":3772,"hostname":"SHAMEEM","msg":"Running Contest Finalization Job..."}
{"level":30,"time":1788281820046,"pid":3772,"hostname":"SHAMEEM","msg":"Contest Finalization Job Completed."}
{"level":30,"time":1788330494747,"pid":16144,"hostname":"SHAMEEM","port":4000,"msg":"Server Connected"}
{"level":30,"time":1788330494873,"pid":16144,"hostname":"SHAMEEM","msg":"Cron Jobs Initialized"}
{"level":30,"time":1788330495571,"pid":16144,"hostname":"SHAMEEM","msg":"Database connected"}
{"level":30,"time":1788330540008,"pid":16144,"hostname":"SHAMEEM","msg":"Running Contest Finalization Job..."}
{"level":30,"time":1788330540050,"pid":16144,"hostname":"SHAMEEM","msg":"Contest Finalization Job Completed."}
{"level":30,"time":1788330600031,"pid":16144,"hostname":"SHAMEEM","msg":"Running Contest Finalization Job..."}
{"level":30,"time":1788330600068,"pid":16144,"hostname":"SHAMEEM","msg":"Contest Finalization Job Completed."}
{"level":30,"time":1788330660003,"pid":16144,"hostname":"SHAMEEM","msg":"Running Contest Finalization Job..."}
{"level":30,"time":1788330660042,"pid":16144,"hostname":"SHAMEEM","msg":"Contest Finalization Job Completed."}
{"level":30,"time":1788330720005,"pid":16144,"hostname":"SHAMEEM","msg":"Running Contest Finalization Job..."}
{"level":30,"time":1788330720041,"pid":16144,"hostname":"SHAMEEM","msg":"Contest Finalization Job Completed."}
{"level":30,"time":1788330780013,"pid":16144,"hostname":"SHAMEEM","msg":"Running Contest Finalization Job..."}
{"level":30,"time":1788330780057,"pid":16144,"hostname":"SHAMEEM","msg":"Contest Finalization Job Completed."}
{"level":30,"time":1788330840010,"pid":16144,"hostname":"SHAMEEM","msg":"Running Contest Finalization Job..."}
{"level":30,"time":1788330840091,"pid":16144,"hostname":"SHAMEEM","msg":"Contest Finalization Job Completed."}
{"level":30,"time":1788330900003,"pid":16144,"hostname":"SHAMEEM","msg":"Running Contest Finalization Job..."}
{"level":30,"time":1788330900041,"pid":16144,"hostname":"SHAMEEM","msg":"Contest Finalization Job Completed."}
{"level":30,"time":1788330960015,"pid":16144,"hostname":"SHAMEEM","msg":"Running Contest Finalization Job..."}
{"level":30,"time":1788330960050,"pid":16144,"hostname":"SHAMEEM","msg":"Contest Finalization Job Completed."}
{"level":30,"time":1788331020014,"pid":16144,"hostname":"SHAMEEM","msg":"Running Contest Finalization Job..."}
{"level":30,"time":1788331020053,"pid":16144,"hostname":"SHAMEEM","msg":"Contest Finalization Job Completed."}
{"level":30,"time":1788331080010,"pid":16144,"hostname":"SHAMEEM","msg":"Running Contest Finalization Job..."}
{"level":30,"time":1788331080047,"pid":16144,"hostname":"SHAMEEM","msg":"Contest Finalization Job Completed."}
{"level":30,"time":1788331140015,"pid":16144,"hostname":"SHAMEEM","msg":"Running Contest Finalization Job..."}
{"level":30,"time":1788331140050,"pid":16144,"hostname":"SHAMEEM","msg":"Contest Finalization Job Completed."}
{"level":30,"time":1788331200004,"pid":16144,"hostname":"SHAMEEM","msg":"Running Contest Finalization Job..."}
{"level":30,"time":1788331200040,"pid":16144,"hostname":"SHAMEEM","msg":"Contest Finalization Job Completed."}
{"level":30,"time":1788331260014,"pid":16144,"hostname":"SHAMEEM","msg":"Running Contest Finalization Job..."}
{"level":30,"time":1788331260050,"pid":16144,"hostname":"SHAMEEM","msg":"Contest Finalization Job Completed."}
{"level":30,"time":1788331320011,"pid":16144,"hostname":"SHAMEEM","msg":"Running Contest Finalization Job..."}
{"level":30,"time":1788331320391,"pid":16144,"hostname":"SHAMEEM","msg":"Contest Finalization Job Completed."}
{"level":30,"time":1788331380022,"pid":16144,"hostname":"SHAMEEM","msg":"Running Contest Finalization Job..."}
{"level":30,"time":1788331380058,"pid":16144,"hostname":"SHAMEEM","msg":"Contest Finalization Job Completed."}
{"level":30,"time":1788331440009,"pid":16144,"hostname":"SHAMEEM","msg":"Running Contest Finalization Job..."}
{"level":30,"time":1788331440044,"pid":16144,"hostname":"SHAMEEM","msg":"Contest Finalization Job Completed."}
{"level":30,"time":1788331479775,"pid":17472,"hostname":"SHAMEEM","port":4000,"msg":"Server Connected"}
{"level":30,"time":1788331479796,"pid":17472,"hostname":"SHAMEEM","msg":"Cron Jobs Initialized"}
{"level":30,"time":1788331480355,"pid":17472,"hostname":"SHAMEEM","msg":"Database connected"}
{"level":30,"time":1788331500017,"pid":17472,"hostname":"SHAMEEM","msg":"Running Contest Finalization Job..."}
{"level":30,"time":1788331500061,"pid":17472,"hostname":"SHAMEEM","msg":"Contest Finalization Job Completed."}
{"level":30,"time":1788331560013,"pid":17472,"hostname":"SHAMEEM","msg":"Running Contest Finalization Job..."}
{"level":30,"time":1788331560047,"pid":17472,"hostname":"SHAMEEM","msg":"Contest Finalization Job Completed."}
{"level":30,"time":1788331620006,"pid":17472,"hostname":"SHAMEEM","msg":"Running Contest Finalization Job..."}
{"level":30,"time":1788331620040,"pid":17472,"hostname":"SHAMEEM","msg":"Contest Finalization Job Completed."}
{"level":30,"time":1788331680006,"pid":17472,"hostname":"SHAMEEM","msg":"Running Contest Finalization Job..."}
{"level":30,"time":1788331680039,"pid":17472,"hostname":"SHAMEEM","msg":"Contest Finalization Job Completed."}
{"level":30,"time":1788331740018,"pid":17472,"hostname":"SHAMEEM","msg":"Running Contest Finalization Job..."}
{"level":30,"time":1788331740051,"pid":17472,"hostname":"SHAMEEM","msg":"Contest Finalization Job Completed."}
{"level":30,"time":1788331800011,"pid":17472,"hostname":"SHAMEEM","msg":"Running Contest Finalization Job..."}
{"level":30,"time":1788331800169,"pid":17472,"hostname":"SHAMEEM","msg":"Contest Finalization Job Completed."}
{"level":30,"time":1788331860007,"pid":17472,"hostname":"SHAMEEM","msg":"Running Contest Finalization Job..."}
{"level":30,"time":1788331860041,"pid":17472,"hostname":"SHAMEEM","msg":"Contest Finalization Job Completed."}
{"level":30,"time":1788331920003,"pid":17472,"hostname":"SHAMEEM","msg":"Running Contest Finalization Job..."}
{"level":30,"time":1788331920036,"pid":17472,"hostname":"SHAMEEM","msg":"Contest Finalization Job Completed."}
{"level":30,"time":1788331980015,"pid":17472,"hostname":"SHAMEEM","msg":"Running Contest Finalization Job..."}
{"level":30,"time":1788331980052,"pid":17472,"hostname":"SHAMEEM","msg":"Contest Finalization Job Completed."}
{"level":30,"time":1788332040003,"pid":17472,"hostname":"SHAMEEM","msg":"Running Contest Finalization Job..."}
{"level":30,"time":1788332040039,"pid":17472,"hostname":"SHAMEEM","msg":"Contest Finalization Job Completed."}
{"level":30,"time":1788332100024,"pid":17472,"hostname":"SHAMEEM","msg":"Running Contest Finalization Job..."}
{"level":30,"time":1788332100060,"pid":17472,"hostname":"SHAMEEM","msg":"Contest Finalization Job Completed."}
{"level":30,"time":1788332160003,"pid":17472,"hostname":"SHAMEEM","msg":"Running Contest Finalization Job..."}
{"level":30,"time":1788332160037,"pid":17472,"hostname":"SHAMEEM","msg":"Contest Finalization Job Completed."}
{"level":30,"time":1788332220006,"pid":17472,"hostname":"SHAMEEM","msg":"Running Contest Finalization Job..."}
{"level":30,"time":1788332220039,"pid":17472,"hostname":"SHAMEEM","msg":"Contest Finalization Job Completed."}
{"level":30,"time":1788332280009,"pid":17472,"hostname":"SHAMEEM","msg":"Running Contest Finalization Job..."}
{"level":30,"time":1788332280043,"pid":17472,"hostname":"SHAMEEM","msg":"Contest Finalization Job Completed."}
{"level":30,"time":1788332340001,"pid":17472,"hostname":"SHAMEEM","msg":"Running Contest Finalization Job..."}
{"level":30,"time":1788332340210,"pid":17472,"hostname":"SHAMEEM","msg":"Contest Finalization Job Completed."}
{"level":30,"time":1788332400021,"pid":17472,"hostname":"SHAMEEM","msg":"Running Contest Finalization Job..."}
{"level":30,"time":1788332400055,"pid":17472,"hostname":"SHAMEEM","msg":"Contest Finalization Job Completed."}
{"level":30,"time":1788332460015,"pid":17472,"hostname":"SHAMEEM","msg":"Running Contest Finalization Job..."}
{"level":30,"time":1788332460048,"pid":17472,"hostname":"SHAMEEM","msg":"Contest Finalization Job Completed."}
{"level":30,"time":1788332520008,"pid":17472,"hostname":"SHAMEEM","msg":"Running Contest Finalization Job..."}
{"level":30,"time":1788332520074,"pid":17472,"hostname":"SHAMEEM","msg":"Contest Finalization Job Completed."}
{"level":30,"time":1788332580012,"pid":17472,"hostname":"SHAMEEM","msg":"Running Contest Finalization Job..."}
{"level":30,"time":1788332580045,"pid":17472,"hostname":"SHAMEEM","msg":"Contest Finalization Job Completed."}
{"level":30,"time":1788332640023,"pid":17472,"hostname":"SHAMEEM","msg":"Running Contest Finalization Job..."}
{"level":30,"time":1788332640057,"pid":17472,"hostname":"SHAMEEM","msg":"Contest Finalization Job Completed."}
{"level":30,"time":1788332700010,"pid":17472,"hostname":"SHAMEEM","msg":"Running Contest Finalization Job..."}
{"level":30,"time":1788332700043,"pid":17472,"hostname":"SHAMEEM","msg":"Contest Finalization Job Completed."}
{"level":30,"time":1788332760028,"pid":17472,"hostname":"SHAMEEM","msg":"Running Contest Finalization Job..."}
{"level":30,"time":1788332760059,"pid":17472,"hostname":"SHAMEEM","msg":"Contest Finalization Job Completed."}
{"level":30,"time":1788332820005,"pid":17472,"hostname":"SHAMEEM","msg":"Running Contest Finalization Job..."}
{"level":30,"time":1788332820039,"pid":17472,"hostname":"SHAMEEM","msg":"Contest Finalization Job Completed."}
{"level":30,"time":1788332880017,"pid":17472,"hostname":"SHAMEEM","msg":"Running Contest Finalization Job..."}
{"level":30,"time":1788332880050,"pid":17472,"hostname":"SHAMEEM","msg":"Contest Finalization Job Completed."}
{"level":30,"time":1788332940004,"pid":17472,"hostname":"SHAMEEM","msg":"Running Contest Finalization Job..."}
{"level":30,"time":1788332940038,"pid":17472,"hostname":"SHAMEEM","msg":"Contest Finalization Job Completed."}
{"level":30,"time":1788333000004,"pid":17472,"hostname":"SHAMEEM","msg":"Running Contest Finalization Job..."}
{"level":30,"time":1788333000037,"pid":17472,"hostname":"SHAMEEM","msg":"Contest Finalization Job Completed."}
{"level":30,"time":1788333060011,"pid":17472,"hostname":"SHAMEEM","msg":"Running Contest Finalization Job..."}
{"level":30,"time":1788333060045,"pid":17472,"hostname":"SHAMEEM","msg":"Contest Finalization Job Completed."}
{"level":30,"time":1788333120003,"pid":17472,"hostname":"SHAMEEM","msg":"Running Contest Finalization Job..."}
{"level":30,"time":1788333120036,"pid":17472,"hostname":"SHAMEEM","msg":"Contest Finalization Job Completed."}
{"level":30,"time":1788333180006,"pid":17472,"hostname":"SHAMEEM","msg":"Running Contest Finalization Job..."}
{"level":30,"time":1788333180042,"pid":17472,"hostname":"SHAMEEM","msg":"Contest Finalization Job Completed."}
{"level":30,"time":1788333240016,"pid":17472,"hostname":"SHAMEEM","msg":"Running Contest Finalization Job..."}
{"level":30,"time":1788333240129,"pid":17472,"hostname":"SHAMEEM","msg":"Contest Finalization Job Completed."}
{"level":30,"time":1788333300015,"pid":17472,"hostname":"SHAMEEM","msg":"Running Contest Finalization Job..."}
{"level":30,"time":1788333300048,"pid":17472,"hostname":"SHAMEEM","msg":"Contest Finalization Job Completed."}
{"level":30,"time":1788333360005,"pid":17472,"hostname":"SHAMEEM","msg":"Running Contest Finalization Job..."}
{"level":30,"time":1788333360038,"pid":17472,"hostname":"SHAMEEM","msg":"Contest Finalization Job Completed."}
{"level":30,"time":1788333420013,"pid":17472,"hostname":"SHAMEEM","msg":"Running Contest Finalization Job..."}
{"level":30,"time":1788333420046,"pid":17472,"hostname":"SHAMEEM","msg":"Contest Finalization Job Completed."}
{"level":30,"time":1788333480016,"pid":17472,"hostname":"SHAMEEM","msg":"Running Contest Finalization Job..."}
{"level":30,"time":1788333480049,"pid":17472,"hostname":"SHAMEEM","msg":"Contest Finalization Job Completed."}
{"level":30,"time":1788333540005,"pid":17472,"hostname":"SHAMEEM","msg":"Running Contest Finalization Job..."}
{"level":30,"time":1788333540038,"pid":17472,"hostname":"SHAMEEM","msg":"Contest Finalization Job Completed."}
{"level":30,"time":1788333600011,"pid":17472,"hostname":"SHAMEEM","msg":"Running Contest Finalization Job..."}
{"level":30,"time":1788333600045,"pid":17472,"hostname":"SHAMEEM","msg":"Contest Finalization Job Completed."}
{"level":30,"time":1788333660007,"pid":17472,"hostname":"SHAMEEM","msg":"Running Contest Finalization Job..."}
{"level":30,"time":1788333660040,"pid":17472,"hostname":"SHAMEEM","msg":"Contest Finalization Job Completed."}
{"level":30,"time":1788333720003,"pid":17472,"hostname":"SHAMEEM","msg":"Running Contest Finalization Job..."}
{"level":30,"time":1788333720039,"pid":17472,"hostname":"SHAMEEM","msg":"Contest Finalization Job Completed."}
{"level":30,"time":1788333780010,"pid":17472,"hostname":"SHAMEEM","msg":"Running Contest Finalization Job..."}
{"level":30,"time":1788333780042,"pid":17472,"hostname":"SHAMEEM","msg":"Contest Finalization Job Completed."}
{"level":30,"time":1788333840009,"pid":17472,"hostname":"SHAMEEM","msg":"Running Contest Finalization Job..."}
{"level":30,"time":1788333840043,"pid":17472,"hostname":"SHAMEEM","msg":"Contest Finalization Job Completed."}
{"level":30,"time":1788333900018,"pid":17472,"hostname":"SHAMEEM","msg":"Running Contest Finalization Job..."}
{"level":30,"time":1788333900202,"pid":17472,"hostname":"SHAMEEM","msg":"Contest Finalization Job Completed."}
{"level":30,"time":1788333960002,"pid":17472,"hostname":"SHAMEEM","msg":"Running Contest Finalization Job..."}
{"level":30,"time":1788333960035,"pid":17472,"hostname":"SHAMEEM","msg":"Contest Finalization Job Completed."}
{"level":30,"time":1788334020018,"pid":17472,"hostname":"SHAMEEM","msg":"Running Contest Finalization Job..."}
{"level":30,"time":1788334020051,"pid":17472,"hostname":"SHAMEEM","msg":"Contest Finalization Job Completed."}
{"level":30,"time":1788334080009,"pid":17472,"hostname":"SHAMEEM","msg":"Running Contest Finalization Job..."}
{"level":30,"time":1788334080042,"pid":17472,"hostname":"SHAMEEM","msg":"Contest Finalization Job Completed."}
{"level":30,"time":1788334140007,"pid":17472,"hostname":"SHAMEEM","msg":"Running Contest Finalization Job..."}
{"level":30,"time":1788334140039,"pid":17472,"hostname":"SHAMEEM","msg":"Contest Finalization Job Completed."}
{"level":30,"time":1788334200022,"pid":17472,"hostname":"SHAMEEM","msg":"Running Contest Finalization Job..."}
{"level":30,"time":1788334200055,"pid":17472,"hostname":"SHAMEEM","msg":"Contest Finalization Job Completed."}
{"level":30,"time":1788334260014,"pid":17472,"hostname":"SHAMEEM","msg":"Running Contest Finalization Job..."}
{"level":30,"time":1788334260046,"pid":17472,"hostname":"SHAMEEM","msg":"Contest Finalization Job Completed."}
{"level":30,"time":1788334320015,"pid":17472,"hostname":"SHAMEEM","msg":"Running Contest Finalization Job..."}
{"level":30,"time":1788334320050,"pid":17472,"hostname":"SHAMEEM","msg":"Contest Finalization Job Completed."}
{"level":30,"time":1788334380006,"pid":17472,"hostname":"SHAMEEM","msg":"Running Contest Finalization Job..."}
{"level":30,"time":1788334380115,"pid":17472,"hostname":"SHAMEEM","msg":"Contest Finalization Job Completed."}
{"level":30,"time":1788334440014,"pid":17472,"hostname":"SHAMEEM","msg":"Running Contest Finalization Job..."}
{"level":30,"time":1788334440045,"pid":17472,"hostname":"SHAMEEM","msg":"Contest Finalization Job Completed."}
{"level":30,"time":1788334500021,"pid":17472,"hostname":"SHAMEEM","msg":"Running Contest Finalization Job..."}
{"level":30,"time":1788334500053,"pid":17472,"hostname":"SHAMEEM","msg":"Contest Finalization Job Completed."}
{"level":30,"time":1788334560016,"pid":17472,"hostname":"SHAMEEM","msg":"Running Contest Finalization Job..."}
{"level":30,"time":1788334560049,"pid":17472,"hostname":"SHAMEEM","msg":"Contest Finalization Job Completed."}
{"level":30,"time":1788334620007,"pid":17472,"hostname":"SHAMEEM","msg":"Running Contest Finalization Job..."}
{"level":30,"time":1788334620040,"pid":17472,"hostname":"SHAMEEM","msg":"Contest Finalization Job Completed."}
{"level":30,"time":1788334680020,"pid":17472,"hostname":"SHAMEEM","msg":"Running Contest Finalization Job..."}
{"level":30,"time":1788334680052,"pid":17472,"hostname":"SHAMEEM","msg":"Contest Finalization Job Completed."}
{"level":30,"time":1788334740007,"pid":17472,"hostname":"SHAMEEM","msg":"Running Contest Finalization Job..."}
{"level":30,"time":1788334740041,"pid":17472,"hostname":"SHAMEEM","msg":"Contest Finalization Job Completed."}
{"level":30,"time":1788334800002,"pid":17472,"hostname":"SHAMEEM","msg":"Running Contest Finalization Job..."}
{"level":30,"time":1788334800037,"pid":17472,"hostname":"SHAMEEM","msg":"Contest Finalization Job Completed."}
{"level":30,"time":1788334860015,"pid":17472,"hostname":"SHAMEEM","msg":"Running Contest Finalization Job..."}
{"level":30,"time":1788334860049,"pid":17472,"hostname":"SHAMEEM","msg":"Contest Finalization Job Completed."}
{"level":30,"time":1788334920029,"pid":17472,"hostname":"SHAMEEM","msg":"Running Contest Finalization Job..."}
{"level":30,"time":1788334920062,"pid":17472,"hostname":"SHAMEEM","msg":"Contest Finalization Job Completed."}
{"level":30,"time":1788334980000,"pid":17472,"hostname":"SHAMEEM","msg":"Running Contest Finalization Job..."}
{"level":30,"time":1788334980034,"pid":17472,"hostname":"SHAMEEM","msg":"Contest Finalization Job Completed."}
{"level":30,"time":1788335040021,"pid":17472,"hostname":"SHAMEEM","msg":"Running Contest Finalization Job..."}
{"level":30,"time":1788335040059,"pid":17472,"hostname":"SHAMEEM","msg":"Contest Finalization Job Completed."}
{"level":30,"time":1788335100007,"pid":17472,"hostname":"SHAMEEM","msg":"Running Contest Finalization Job..."}
{"level":30,"time":1788335100041,"pid":17472,"hostname":"SHAMEEM","msg":"Contest Finalization Job Completed."}
{"level":30,"time":1788335160011,"pid":17472,"hostname":"SHAMEEM","msg":"Running Contest Finalization Job..."}
{"level":30,"time":1788335160043,"pid":17472,"hostname":"SHAMEEM","msg":"Contest Finalization Job Completed."}
{"level":30,"time":1788335220005,"pid":17472,"hostname":"SHAMEEM","msg":"Running Contest Finalization Job..."}
{"level":30,"time":1788335220038,"pid":17472,"hostname":"SHAMEEM","msg":"Contest Finalization Job Completed."}
{"level":30,"time":1788335280007,"pid":17472,"hostname":"SHAMEEM","msg":"Running Contest Finalization Job..."}
{"level":30,"time":1788335280042,"pid":17472,"hostname":"SHAMEEM","msg":"Contest Finalization Job Completed."}
{"level":30,"time":1788335340003,"pid":17472,"hostname":"SHAMEEM","msg":"Running Contest Finalization Job..."}
{"level":30,"time":1788335340036,"pid":17472,"hostname":"SHAMEEM","msg":"Contest Finalization Job Completed."}
{"level":30,"time":1788335400015,"pid":17472,"hostname":"SHAMEEM","msg":"Running Contest Finalization Job..."}
{"level":30,"time":1788335400048,"pid":17472,"hostname":"SHAMEEM","msg":"Contest Finalization Job Completed."}
{"level":30,"time":1788335460003,"pid":17472,"hostname":"SHAMEEM","msg":"Running Contest Finalization Job..."}
{"level":30,"time":1788335460037,"pid":17472,"hostname":"SHAMEEM","msg":"Contest Finalization Job Completed."}
{"level":30,"time":1788335520023,"pid":17472,"hostname":"SHAMEEM","msg":"Running Contest Finalization Job..."}
{"level":30,"time":1788335520057,"pid":17472,"hostname":"SHAMEEM","msg":"Contest Finalization Job Completed."}
{"level":30,"time":1788335580005,"pid":17472,"hostname":"SHAMEEM","msg":"Running Contest Finalization Job..."}
{"level":30,"time":1788335580038,"pid":17472,"hostname":"SHAMEEM","msg":"Contest Finalization Job Completed."}
{"level":30,"time":1788335640026,"pid":17472,"hostname":"SHAMEEM","msg":"Running Contest Finalization Job..."}
{"level":30,"time":1788335640068,"pid":17472,"hostname":"SHAMEEM","msg":"Contest Finalization Job Completed."}
{"level":30,"time":1788335700015,"pid":17472,"hostname":"SHAMEEM","msg":"Running Contest Finalization Job..."}
{"level":30,"time":1788335700089,"pid":17472,"hostname":"SHAMEEM","msg":"Contest Finalization Job Completed."}
{"level":30,"time":1788335760026,"pid":17472,"hostname":"SHAMEEM","msg":"Running Contest Finalization Job..."}
{"level":30,"time":1788335760203,"pid":17472,"hostname":"SHAMEEM","msg":"Contest Finalization Job Completed."}
{"level":30,"time":1788335820011,"pid":17472,"hostname":"SHAMEEM","msg":"Running Contest Finalization Job..."}
{"level":30,"time":1788335820045,"pid":17472,"hostname":"SHAMEEM","msg":"Contest Finalization Job Completed."}
{"level":30,"time":1788335880010,"pid":17472,"hostname":"SHAMEEM","msg":"Running Contest Finalization Job..."}
{"level":30,"time":1788335880098,"pid":17472,"hostname":"SHAMEEM","msg":"Contest Finalization Job Completed."}
{"level":30,"time":1788335940010,"pid":17472,"hostname":"SHAMEEM","msg":"Running Contest Finalization Job..."}
{"level":30,"time":1788335940043,"pid":17472,"hostname":"SHAMEEM","msg":"Contest Finalization Job Completed."}
{"level":30,"time":1788336000013,"pid":17472,"hostname":"SHAMEEM","msg":"Running Contest Finalization Job..."}
{"level":30,"time":1788336000047,"pid":17472,"hostname":"SHAMEEM","msg":"Contest Finalization Job Completed."}
{"level":30,"time":1788336060016,"pid":17472,"hostname":"SHAMEEM","msg":"Running Contest Finalization Job..."}
{"level":30,"time":1788336060049,"pid":17472,"hostname":"SHAMEEM","msg":"Contest Finalization Job Completed."}
{"level":30,"time":1788336120012,"pid":17472,"hostname":"SHAMEEM","msg":"Running Contest Finalization Job..."}
{"level":30,"time":1788336120064,"pid":17472,"hostname":"SHAMEEM","msg":"Contest Finalization Job Completed."}
{"level":30,"time":1788336180017,"pid":17472,"hostname":"SHAMEEM","msg":"Running Contest Finalization Job..."}
{"level":30,"time":1788336180079,"pid":17472,"hostname":"SHAMEEM","msg":"Contest Finalization Job Completed."}
{"level":30,"time":1788336240010,"pid":17472,"hostname":"SHAMEEM","msg":"Running Contest Finalization Job..."}
{"level":30,"time":1788336240044,"pid":17472,"hostname":"SHAMEEM","msg":"Contest Finalization Job Completed."}
{"level":30,"time":1788336300003,"pid":17472,"hostname":"SHAMEEM","msg":"Running Contest Finalization Job..."}
{"level":30,"time":1788336300043,"pid":17472,"hostname":"SHAMEEM","msg":"Contest Finalization Job Completed."}
{"level":30,"time":1788336360005,"pid":17472,"hostname":"SHAMEEM","msg":"Running Contest Finalization Job..."}
{"level":30,"time":1788336360039,"pid":17472,"hostname":"SHAMEEM","msg":"Contest Finalization Job Completed."}
{"level":30,"time":1788336420003,"pid":17472,"hostname":"SHAMEEM","msg":"Running Contest Finalization Job..."}
{"level":30,"time":1788336420038,"pid":17472,"hostname":"SHAMEEM","msg":"Contest Finalization Job Completed."}
{"level":30,"time":1788336480017,"pid":17472,"hostname":"SHAMEEM","msg":"Running Contest Finalization Job..."}
{"level":30,"time":1788336480051,"pid":17472,"hostname":"SHAMEEM","msg":"Contest Finalization Job Completed."}
{"level":30,"time":1788336540009,"pid":17472,"hostname":"SHAMEEM","msg":"Running Contest Finalization Job..."}
{"level":30,"time":1788336540043,"pid":17472,"hostname":"SHAMEEM","msg":"Contest Finalization Job Completed."}
{"level":30,"time":1788336600021,"pid":17472,"hostname":"SHAMEEM","msg":"Running Contest Finalization Job..."}
{"level":30,"time":1788336600098,"pid":17472,"hostname":"SHAMEEM","msg":"Contest Finalization Job Completed."}
{"level":30,"time":1788336660003,"pid":17472,"hostname":"SHAMEEM","msg":"Running Contest Finalization Job..."}
{"level":30,"time":1788336660036,"pid":17472,"hostname":"SHAMEEM","msg":"Contest Finalization Job Completed."}
{"level":30,"time":1788336720003,"pid":17472,"hostname":"SHAMEEM","msg":"Running Contest Finalization Job..."}
{"level":30,"time":1788336720038,"pid":17472,"hostname":"SHAMEEM","msg":"Contest Finalization Job Completed."}
{"level":30,"time":1788336780007,"pid":17472,"hostname":"SHAMEEM","msg":"Running Contest Finalization Job..."}
{"level":30,"time":1788336780041,"pid":17472,"hostname":"SHAMEEM","msg":"Contest Finalization Job Completed."}
{"level":30,"time":1788336840004,"pid":17472,"hostname":"SHAMEEM","msg":"Running Contest Finalization Job..."}
{"level":30,"time":1788336840038,"pid":17472,"hostname":"SHAMEEM","msg":"Contest Finalization Job Completed."}
{"level":30,"time":1788336900005,"pid":17472,"hostname":"SHAMEEM","msg":"Running Contest Finalization Job..."}
{"level":30,"time":1788336900039,"pid":17472,"hostname":"SHAMEEM","msg":"Contest Finalization Job Completed."}
{"level":30,"time":1788336960020,"pid":17472,"hostname":"SHAMEEM","msg":"Running Contest Finalization Job..."}
{"level":30,"time":1788336960054,"pid":17472,"hostname":"SHAMEEM","msg":"Contest Finalization Job Completed."}
{"level":30,"time":1788337020008,"pid":17472,"hostname":"SHAMEEM","msg":"Running Contest Finalization Job..."}
{"level":30,"time":1788337020046,"pid":17472,"hostname":"SHAMEEM","msg":"Contest Finalization Job Completed."}
{"level":30,"time":1788337080009,"pid":17472,"hostname":"SHAMEEM","msg":"Running Contest Finalization Job..."}
{"level":30,"time":1788337080042,"pid":17472,"hostname":"SHAMEEM","msg":"Contest Finalization Job Completed."}
{"level":30,"time":1788337140013,"pid":17472,"hostname":"SHAMEEM","msg":"Running Contest Finalization Job..."}
{"level":30,"time":1788337140062,"pid":17472,"hostname":"SHAMEEM","msg":"Contest Finalization Job Completed."}
{"level":30,"time":1788337200016,"pid":17472,"hostname":"SHAMEEM","msg":"Running Contest Finalization Job..."}
{"level":30,"time":1788337200050,"pid":17472,"hostname":"SHAMEEM","msg":"Contest Finalization Job Completed."}
{"level":30,"time":1788337260017,"pid":17472,"hostname":"SHAMEEM","msg":"Running Contest Finalization Job..."}
{"level":30,"time":1788337260076,"pid":17472,"hostname":"SHAMEEM","msg":"Contest Finalization Job Completed."}
{"level":30,"time":1788337320010,"pid":17472,"hostname":"SHAMEEM","msg":"Running Contest Finalization Job..."}
{"level":30,"time":1788337320226,"pid":17472,"hostname":"SHAMEEM","msg":"Contest Finalization Job Completed."}
{"level":30,"time":1788337380027,"pid":17472,"hostname":"SHAMEEM","msg":"Running Contest Finalization Job..."}
{"level":30,"time":1788337380061,"pid":17472,"hostname":"SHAMEEM","msg":"Contest Finalization Job Completed."}
{"level":30,"time":1788337440006,"pid":17472,"hostname":"SHAMEEM","msg":"Running Contest Finalization Job..."}
{"level":30,"time":1788337440038,"pid":17472,"hostname":"SHAMEEM","msg":"Contest Finalization Job Completed."}
{"level":30,"time":1788337500013,"pid":17472,"hostname":"SHAMEEM","msg":"Running Contest Finalization Job..."}
{"level":30,"time":1788337500091,"pid":17472,"hostname":"SHAMEEM","msg":"Contest Finalization Job Completed."}
{"level":30,"time":1788337560010,"pid":17472,"hostname":"SHAMEEM","msg":"Running Contest Finalization Job..."}
{"level":30,"time":1788337560043,"pid":17472,"hostname":"SHAMEEM","msg":"Contest Finalization Job Completed."}
{"level":30,"time":1788337620012,"pid":17472,"hostname":"SHAMEEM","msg":"Running Contest Finalization Job..."}
{"level":30,"time":1788337620044,"pid":17472,"hostname":"SHAMEEM","msg":"Contest Finalization Job Completed."}
{"level":30,"time":1788337680014,"pid":17472,"hostname":"SHAMEEM","msg":"Running Contest Finalization Job..."}
{"level":30,"time":1788337680049,"pid":17472,"hostname":"SHAMEEM","msg":"Contest Finalization Job Completed."}
{"level":30,"time":1788337740006,"pid":17472,"hostname":"SHAMEEM","msg":"Running Contest Finalization Job..."}
{"level":30,"time":1788337740038,"pid":17472,"hostname":"SHAMEEM","msg":"Contest Finalization Job Completed."}
{"level":30,"time":1788337800002,"pid":17472,"hostname":"SHAMEEM","msg":"Running Contest Finalization Job..."}
{"level":30,"time":1788337800179,"pid":17472,"hostname":"SHAMEEM","msg":"Contest Finalization Job Completed."}
{"level":30,"time":1788337860009,"pid":17472,"hostname":"SHAMEEM","msg":"Running Contest Finalization Job..."}
{"level":30,"time":1788337860043,"pid":17472,"hostname":"SHAMEEM","msg":"Contest Finalization Job Completed."}
{"level":30,"time":1788337920010,"pid":17472,"hostname":"SHAMEEM","msg":"Running Contest Finalization Job..."}
{"level":30,"time":1788337920079,"pid":17472,"hostname":"SHAMEEM","msg":"Contest Finalization Job Completed."}
{"level":30,"time":1788337980009,"pid":17472,"hostname":"SHAMEEM","msg":"Running Contest Finalization Job..."}
{"level":30,"time":1788337980043,"pid":17472,"hostname":"SHAMEEM","msg":"Contest Finalization Job Completed."}
{"level":30,"time":1788338040007,"pid":17472,"hostname":"SHAMEEM","msg":"Running Contest Finalization Job..."}
{"level":30,"time":1788338040053,"pid":17472,"hostname":"SHAMEEM","msg":"Contest Finalization Job Completed."}
{"level":30,"time":1788338100015,"pid":17472,"hostname":"SHAMEEM","msg":"Running Contest Finalization Job..."}
{"level":30,"time":1788338100047,"pid":17472,"hostname":"SHAMEEM","msg":"Contest Finalization Job Completed."}
{"level":30,"time":1788338160001,"pid":17472,"hostname":"SHAMEEM","msg":"Running Contest Finalization Job..."}
{"level":30,"time":1788338160035,"pid":17472,"hostname":"SHAMEEM","msg":"Contest Finalization Job Completed."}
{"level":30,"time":1788338220029,"pid":17472,"hostname":"SHAMEEM","msg":"Running Contest Finalization Job..."}
{"level":30,"time":1788338220062,"pid":17472,"hostname":"SHAMEEM","msg":"Contest Finalization Job Completed."}
{"level":30,"time":1788338280010,"pid":17472,"hostname":"SHAMEEM","msg":"Running Contest Finalization Job..."}
{"level":30,"time":1788338280052,"pid":17472,"hostname":"SHAMEEM","msg":"Contest Finalization Job Completed."}
{"level":30,"time":1788338340020,"pid":17472,"hostname":"SHAMEEM","msg":"Running Contest Finalization Job..."}
{"level":30,"time":1788338340297,"pid":17472,"hostname":"SHAMEEM","msg":"Contest Finalization Job Completed."}
{"level":30,"time":1788338400010,"pid":17472,"hostname":"SHAMEEM","msg":"Running Contest Finalization Job..."}
{"level":30,"time":1788338400043,"pid":17472,"hostname":"SHAMEEM","msg":"Contest Finalization Job Completed."}
{"level":30,"time":1788338460017,"pid":17472,"hostname":"SHAMEEM","msg":"Running Contest Finalization Job..."}
{"level":30,"time":1788338460057,"pid":17472,"hostname":"SHAMEEM","msg":"Contest Finalization Job Completed."}
{"level":30,"time":1788338520004,"pid":17472,"hostname":"SHAMEEM","msg":"Running Contest Finalization Job..."}
{"level":30,"time":1788338520056,"pid":17472,"hostname":"SHAMEEM","msg":"Contest Finalization Job Completed."}
{"level":30,"time":1788338580006,"pid":17472,"hostname":"SHAMEEM","msg":"Running Contest Finalization Job..."}
{"level":30,"time":1788338580038,"pid":17472,"hostname":"SHAMEEM","msg":"Contest Finalization Job Completed."}
{"level":30,"time":1788338640004,"pid":17472,"hostname":"SHAMEEM","msg":"Running Contest Finalization Job..."}
{"level":30,"time":1788338640038,"pid":17472,"hostname":"SHAMEEM","msg":"Contest Finalization Job Completed."}
{"level":30,"time":1788338700003,"pid":17472,"hostname":"SHAMEEM","msg":"Running Contest Finalization Job..."}
{"level":30,"time":1788338700037,"pid":17472,"hostname":"SHAMEEM","msg":"Contest Finalization Job Completed."}
{"level":30,"time":1788338760021,"pid":17472,"hostname":"SHAMEEM","msg":"Running Contest Finalization Job..."}
{"level":30,"time":1788338760060,"pid":17472,"hostname":"SHAMEEM","msg":"Contest Finalization Job Completed."}
{"level":30,"time":1788338820014,"pid":17472,"hostname":"SHAMEEM","msg":"Running Contest Finalization Job..."}
{"level":30,"time":1788338820048,"pid":17472,"hostname":"SHAMEEM","msg":"Contest Finalization Job Completed."}
{"level":30,"time":1788338880005,"pid":17472,"hostname":"SHAMEEM","msg":"Running Contest Finalization Job..."}
{"level":30,"time":1788338880037,"pid":17472,"hostname":"SHAMEEM","msg":"Contest Finalization Job Completed."}
{"level":30,"time":1788338940003,"pid":17472,"hostname":"SHAMEEM","msg":"Running Contest Finalization Job..."}
{"level":30,"time":1788338940038,"pid":17472,"hostname":"SHAMEEM","msg":"Contest Finalization Job Completed."}
{"level":30,"time":1788339000019,"pid":17472,"hostname":"SHAMEEM","msg":"Running Contest Finalization Job..."}
{"level":30,"time":1788339000051,"pid":17472,"hostname":"SHAMEEM","msg":"Contest Finalization Job Completed."}
{"level":30,"time":1788339060011,"pid":17472,"hostname":"SHAMEEM","msg":"Running Contest Finalization Job..."}
{"level":30,"time":1788339060044,"pid":17472,"hostname":"SHAMEEM","msg":"Contest Finalization Job Completed."}
{"level":30,"time":1788339120011,"pid":17472,"hostname":"SHAMEEM","msg":"Running Contest Finalization Job..."}
{"level":30,"time":1788339120053,"pid":17472,"hostname":"SHAMEEM","msg":"Contest Finalization Job Completed."}
{"level":30,"time":1788339180017,"pid":17472,"hostname":"SHAMEEM","msg":"Running Contest Finalization Job..."}
{"level":30,"time":1788339180050,"pid":17472,"hostname":"SHAMEEM","msg":"Contest Finalization Job Completed."}
{"level":30,"time":1788339240016,"pid":17472,"hostname":"SHAMEEM","msg":"Running Contest Finalization Job..."}
{"level":30,"time":1788339240070,"pid":17472,"hostname":"SHAMEEM","msg":"Contest Finalization Job Completed."}
{"level":30,"time":1788339300023,"pid":17472,"hostname":"SHAMEEM","msg":"Running Contest Finalization Job..."}
{"level":30,"time":1788339300059,"pid":17472,"hostname":"SHAMEEM","msg":"Contest Finalization Job Completed."}
{"level":30,"time":1788339360014,"pid":17472,"hostname":"SHAMEEM","msg":"Running Contest Finalization Job..."}
{"level":30,"time":1788339360089,"pid":17472,"hostname":"SHAMEEM","msg":"Contest Finalization Job Completed."}
{"level":30,"time":1788339420004,"pid":17472,"hostname":"SHAMEEM","msg":"Running Contest Finalization Job..."}
{"level":30,"time":1788339420038,"pid":17472,"hostname":"SHAMEEM","msg":"Contest Finalization Job Completed."}
{"level":30,"time":1788339480009,"pid":17472,"hostname":"SHAMEEM","msg":"Running Contest Finalization Job..."}
{"level":30,"time":1788339480042,"pid":17472,"hostname":"SHAMEEM","msg":"Contest Finalization Job Completed."}
{"level":30,"time":1788339540018,"pid":17472,"hostname":"SHAMEEM","msg":"Running Contest Finalization Job..."}
{"level":30,"time":1788339540084,"pid":17472,"hostname":"SHAMEEM","msg":"Contest Finalization Job Completed."}
{"level":30,"time":1788339600012,"pid":17472,"hostname":"SHAMEEM","msg":"Running Contest Finalization Job..."}
{"level":30,"time":1788339600047,"pid":17472,"hostname":"SHAMEEM","msg":"Contest Finalization Job Completed."}
{"level":30,"time":1788339660007,"pid":17472,"hostname":"SHAMEEM","msg":"Running Contest Finalization Job..."}
{"level":30,"time":1788339660044,"pid":17472,"hostname":"SHAMEEM","msg":"Contest Finalization Job Completed."}
{"level":30,"time":1788339720019,"pid":17472,"hostname":"SHAMEEM","msg":"Running Contest Finalization Job..."}
{"level":30,"time":1788339720211,"pid":17472,"hostname":"SHAMEEM","msg":"Contest Finalization Job Completed."}
{"level":30,"time":1788339780002,"pid":17472,"hostname":"SHAMEEM","msg":"Running Contest Finalization Job..."}
{"level":30,"time":1788339780046,"pid":17472,"hostname":"SHAMEEM","msg":"Contest Finalization Job Completed."}
{"level":30,"time":1788339840016,"pid":17472,"hostname":"SHAMEEM","msg":"Running Contest Finalization Job..."}
{"level":30,"time":1788339840063,"pid":17472,"hostname":"SHAMEEM","msg":"Contest Finalization Job Completed."}
{"level":30,"time":1788339900015,"pid":17472,"hostname":"SHAMEEM","msg":"Running Contest Finalization Job..."}
{"level":30,"time":1788339900050,"pid":17472,"hostname":"SHAMEEM","msg":"Contest Finalization Job Completed."}
{"level":30,"time":1788339960021,"pid":17472,"hostname":"SHAMEEM","msg":"Running Contest Finalization Job..."}
{"level":30,"time":1788339960077,"pid":17472,"hostname":"SHAMEEM","msg":"Contest Finalization Job Completed."}
{"level":30,"time":1788340020005,"pid":17472,"hostname":"SHAMEEM","msg":"Running Contest Finalization Job..."}
{"level":30,"time":1788340020099,"pid":17472,"hostname":"SHAMEEM","msg":"Contest Finalization Job Completed."}
{"level":30,"time":1788340080004,"pid":17472,"hostname":"SHAMEEM","msg":"Running Contest Finalization Job..."}
{"level":30,"time":1788340080055,"pid":17472,"hostname":"SHAMEEM","msg":"Contest Finalization Job Completed."}
{"level":30,"time":1788340140001,"pid":17472,"hostname":"SHAMEEM","msg":"Running Contest Finalization Job..."}
{"level":30,"time":1788340140187,"pid":17472,"hostname":"SHAMEEM","msg":"Contest Finalization Job Completed."}
{"level":30,"time":1788340200008,"pid":17472,"hostname":"SHAMEEM","msg":"Running Contest Finalization Job..."}
{"level":30,"time":1788340200068,"pid":17472,"hostname":"SHAMEEM","msg":"Contest Finalization Job Completed."}
{"level":30,"time":1788340260011,"pid":17472,"hostname":"SHAMEEM","msg":"Running Contest Finalization Job..."}
{"level":30,"time":1788340260045,"pid":17472,"hostname":"SHAMEEM","msg":"Contest Finalization Job Completed."}
{"level":30,"time":1788340320020,"pid":17472,"hostname":"SHAMEEM","msg":"Running Contest Finalization Job..."}
{"level":30,"time":1788340320052,"pid":17472,"hostname":"SHAMEEM","msg":"Contest Finalization Job Completed."}
{"level":30,"time":1788340380017,"pid":17472,"hostname":"SHAMEEM","msg":"Running Contest Finalization Job..."}
{"level":30,"time":1788340380051,"pid":17472,"hostname":"SHAMEEM","msg":"Contest Finalization Job Completed."}
{"level":30,"time":1788340440008,"pid":17472,"hostname":"SHAMEEM","msg":"Running Contest Finalization Job..."}
{"level":30,"time":1788340440051,"pid":17472,"hostname":"SHAMEEM","msg":"Contest Finalization Job Completed."}
{"level":30,"time":1788340500013,"pid":17472,"hostname":"SHAMEEM","msg":"Running Contest Finalization Job..."}
{"level":30,"time":1788340500086,"pid":17472,"hostname":"SHAMEEM","msg":"Contest Finalization Job Completed."}
{"level":30,"time":1788340560011,"pid":17472,"hostname":"SHAMEEM","msg":"Running Contest Finalization Job..."}
{"level":30,"time":1788340560083,"pid":17472,"hostname":"SHAMEEM","msg":"Contest Finalization Job Completed."}
{"level":30,"time":1788340620006,"pid":17472,"hostname":"SHAMEEM","msg":"Running Contest Finalization Job..."}
{"level":30,"time":1788340620040,"pid":17472,"hostname":"SHAMEEM","msg":"Contest Finalization Job Completed."}
{"level":30,"time":1788340680024,"pid":17472,"hostname":"SHAMEEM","msg":"Running Contest Finalization Job..."}
{"level":30,"time":1788340680056,"pid":17472,"hostname":"SHAMEEM","msg":"Contest Finalization Job Completed."}
{"level":30,"time":1788340740014,"pid":17472,"hostname":"SHAMEEM","msg":"Running Contest Finalization Job..."}
{"level":30,"time":1788340740054,"pid":17472,"hostname":"SHAMEEM","msg":"Contest Finalization Job Completed."}
{"level":30,"time":1788340800003,"pid":17472,"hostname":"SHAMEEM","msg":"Running Contest Finalization Job..."}
{"level":30,"time":1788340800036,"pid":17472,"hostname":"SHAMEEM","msg":"Contest Finalization Job Completed."}
{"level":30,"time":1788340860007,"pid":17472,"hostname":"SHAMEEM","msg":"Running Contest Finalization Job..."}
{"level":30,"time":1788340860043,"pid":17472,"hostname":"SHAMEEM","msg":"Contest Finalization Job Completed."}
{"level":30,"time":1788340920010,"pid":17472,"hostname":"SHAMEEM","msg":"Running Contest Finalization Job..."}
{"level":30,"time":1788340920160,"pid":17472,"hostname":"SHAMEEM","msg":"Contest Finalization Job Completed."}
{"level":30,"time":1788340980021,"pid":17472,"hostname":"SHAMEEM","msg":"Running Contest Finalization Job..."}
{"level":30,"time":1788340980054,"pid":17472,"hostname":"SHAMEEM","msg":"Contest Finalization Job Completed."}
{"level":30,"time":1788341040010,"pid":17472,"hostname":"SHAMEEM","msg":"Running Contest Finalization Job..."}
{"level":30,"time":1788341040044,"pid":17472,"hostname":"SHAMEEM","msg":"Contest Finalization Job Completed."}
{"level":30,"time":1788341100014,"pid":17472,"hostname":"SHAMEEM","msg":"Running Contest Finalization Job..."}
{"level":30,"time":1788341100065,"pid":17472,"hostname":"SHAMEEM","msg":"Contest Finalization Job Completed."}
{"level":30,"time":1788341160019,"pid":17472,"hostname":"SHAMEEM","msg":"Running Contest Finalization Job..."}
{"level":30,"time":1788341160067,"pid":17472,"hostname":"SHAMEEM","msg":"Contest Finalization Job Completed."}
{"level":30,"time":1788341220013,"pid":17472,"hostname":"SHAMEEM","msg":"Running Contest Finalization Job..."}
{"level":30,"time":1788341220046,"pid":17472,"hostname":"SHAMEEM","msg":"Contest Finalization Job Completed."}
{"level":30,"time":1788341280016,"pid":17472,"hostname":"SHAMEEM","msg":"Running Contest Finalization Job..."}
{"level":30,"time":1788341280050,"pid":17472,"hostname":"SHAMEEM","msg":"Contest Finalization Job Completed."}
{"level":30,"time":1788341340003,"pid":17472,"hostname":"SHAMEEM","msg":"Running Contest Finalization Job..."}
{"level":30,"time":1788341340039,"pid":17472,"hostname":"SHAMEEM","msg":"Contest Finalization Job Completed."}
{"level":30,"time":1788341400002,"pid":17472,"hostname":"SHAMEEM","msg":"Running Contest Finalization Job..."}
{"level":30,"time":1788341400045,"pid":17472,"hostname":"SHAMEEM","msg":"Contest Finalization Job Completed."}
{"level":30,"time":1788341460007,"pid":17472,"hostname":"SHAMEEM","msg":"Running Contest Finalization Job..."}
{"level":30,"time":1788341460040,"pid":17472,"hostname":"SHAMEEM","msg":"Contest Finalization Job Completed."}
{"level":30,"time":1788341520017,"pid":17472,"hostname":"SHAMEEM","msg":"Running Contest Finalization Job..."}
{"level":30,"time":1788341520103,"pid":17472,"hostname":"SHAMEEM","msg":"Contest Finalization Job Completed."}
{"level":30,"time":1788341580007,"pid":17472,"hostname":"SHAMEEM","msg":"Running Contest Finalization Job..."}
{"level":30,"time":1788341580041,"pid":17472,"hostname":"SHAMEEM","msg":"Contest Finalization Job Completed."}
{"level":30,"time":1788341640014,"pid":17472,"hostname":"SHAMEEM","msg":"Running Contest Finalization Job..."}
{"level":30,"time":1788341640073,"pid":17472,"hostname":"SHAMEEM","msg":"Contest Finalization Job Completed."}
{"level":30,"time":1788341700005,"pid":17472,"hostname":"SHAMEEM","msg":"Running Contest Finalization Job..."}
{"level":30,"time":1788341700089,"pid":17472,"hostname":"SHAMEEM","msg":"Contest Finalization Job Completed."}
{"level":30,"time":1788341760016,"pid":17472,"hostname":"SHAMEEM","msg":"Running Contest Finalization Job..."}
{"level":30,"time":1788341760059,"pid":17472,"hostname":"SHAMEEM","msg":"Contest Finalization Job Completed."}
{"level":30,"time":1788341820004,"pid":17472,"hostname":"SHAMEEM","msg":"Running Contest Finalization Job..."}
{"level":30,"time":1788341820039,"pid":17472,"hostname":"SHAMEEM","msg":"Contest Finalization Job Completed."}
{"level":30,"time":1788341880020,"pid":17472,"hostname":"SHAMEEM","msg":"Running Contest Finalization Job..."}
{"level":30,"time":1788341880052,"pid":17472,"hostname":"SHAMEEM","msg":"Contest Finalization Job Completed."}
{"level":30,"time":1788341940010,"pid":17472,"hostname":"SHAMEEM","msg":"Running Contest Finalization Job..."}
{"level":30,"time":1788341940052,"pid":17472,"hostname":"SHAMEEM","msg":"Contest Finalization Job Completed."}
{"level":30,"time":1788342000019,"pid":17472,"hostname":"SHAMEEM","msg":"Running Contest Finalization Job..."}
{"level":30,"time":1788342000652,"pid":17472,"hostname":"SHAMEEM","msg":"Contest Finalization Job Completed."}
{"level":30,"time":1788342060020,"pid":17472,"hostname":"SHAMEEM","msg":"Running Contest Finalization Job..."}
{"level":30,"time":1788342060055,"pid":17472,"hostname":"SHAMEEM","msg":"Contest Finalization Job Completed."}
{"level":30,"time":1788342120011,"pid":17472,"hostname":"SHAMEEM","msg":"Running Contest Finalization Job..."}
{"level":30,"time":1788342120085,"pid":17472,"hostname":"SHAMEEM","msg":"Contest Finalization Job Completed."}
{"level":30,"time":1788342180006,"pid":17472,"hostname":"SHAMEEM","msg":"Running Contest Finalization Job..."}
{"level":30,"time":1788342180043,"pid":17472,"hostname":"SHAMEEM","msg":"Contest Finalization Job Completed."}
{"level":30,"time":1788342240010,"pid":17472,"hostname":"SHAMEEM","msg":"Running Contest Finalization Job..."}
{"level":30,"time":1788342240046,"pid":17472,"hostname":"SHAMEEM","msg":"Contest Finalization Job Completed."}
{"level":30,"time":1788342300006,"pid":17472,"hostname":"SHAMEEM","msg":"Running Contest Finalization Job..."}
{"level":30,"time":1788342300048,"pid":17472,"hostname":"SHAMEEM","msg":"Contest Finalization Job Completed."}
{"level":30,"time":1788342360007,"pid":17472,"hostname":"SHAMEEM","msg":"Running Contest Finalization Job..."}
{"level":30,"time":1788342360044,"pid":17472,"hostname":"SHAMEEM","msg":"Contest Finalization Job Completed."}
{"level":30,"time":1788342420017,"pid":17472,"hostname":"SHAMEEM","msg":"Running Contest Finalization Job..."}
{"level":30,"time":1788342420060,"pid":17472,"hostname":"SHAMEEM","msg":"Contest Finalization Job Completed."}
{"level":30,"time":1788342480009,"pid":17472,"hostname":"SHAMEEM","msg":"Running Contest Finalization Job..."}
{"level":30,"time":1788342480051,"pid":17472,"hostname":"SHAMEEM","msg":"Contest Finalization Job Completed."}
{"level":30,"time":1788342540013,"pid":17472,"hostname":"SHAMEEM","msg":"Running Contest Finalization Job..."}
{"level":30,"time":1788342540050,"pid":17472,"hostname":"SHAMEEM","msg":"Contest Finalization Job Completed."}
{"level":30,"time":1788342600008,"pid":17472,"hostname":"SHAMEEM","msg":"Running Contest Finalization Job..."}
{"level":30,"time":1788342600059,"pid":17472,"hostname":"SHAMEEM","msg":"Contest Finalization Job Completed."}
{"level":30,"time":1788342660006,"pid":17472,"hostname":"SHAMEEM","msg":"Running Contest Finalization Job..."}
{"level":30,"time":1788342660042,"pid":17472,"hostname":"SHAMEEM","msg":"Contest Finalization Job Completed."}
{"level":30,"time":1788342720010,"pid":17472,"hostname":"SHAMEEM","msg":"Running Contest Finalization Job..."}
{"level":30,"time":1788342720063,"pid":17472,"hostname":"SHAMEEM","msg":"Contest Finalization Job Completed."}
{"level":30,"time":1788342780031,"pid":17472,"hostname":"SHAMEEM","msg":"Running Contest Finalization Job..."}
{"level":30,"time":1788342780066,"pid":17472,"hostname":"SHAMEEM","msg":"Contest Finalization Job Completed."}
{"level":30,"time":1788342840012,"pid":17472,"hostname":"SHAMEEM","msg":"Running Contest Finalization Job..."}
{"level":30,"time":1788342840047,"pid":17472,"hostname":"SHAMEEM","msg":"Contest Finalization Job Completed."}
{"level":30,"time":1788342900015,"pid":17472,"hostname":"SHAMEEM","msg":"Running Contest Finalization Job..."}
{"level":30,"time":1788342900051,"pid":17472,"hostname":"SHAMEEM","msg":"Contest Finalization Job Completed."}
{"level":30,"time":1788342960005,"pid":17472,"hostname":"SHAMEEM","msg":"Running Contest Finalization Job..."}
{"level":30,"time":1788342960043,"pid":17472,"hostname":"SHAMEEM","msg":"Contest Finalization Job Completed."}
{"level":30,"time":1788343020009,"pid":17472,"hostname":"SHAMEEM","msg":"Running Contest Finalization Job..."}
{"level":30,"time":1788343020045,"pid":17472,"hostname":"SHAMEEM","msg":"Contest Finalization Job Completed."}
{"level":30,"time":1788343080020,"pid":17472,"hostname":"SHAMEEM","msg":"Running Contest Finalization Job..."}
{"level":30,"time":1788343080110,"pid":17472,"hostname":"SHAMEEM","msg":"Contest Finalization Job Completed."}
{"level":30,"time":1788343140004,"pid":17472,"hostname":"SHAMEEM","msg":"Running Contest Finalization Job..."}
{"level":30,"time":1788343140082,"pid":17472,"hostname":"SHAMEEM","msg":"Contest Finalization Job Completed."}
{"level":30,"time":1788343200010,"pid":17472,"hostname":"SHAMEEM","msg":"Running Contest Finalization Job..."}
{"level":30,"time":1788343200045,"pid":17472,"hostname":"SHAMEEM","msg":"Contest Finalization Job Completed."}
{"level":30,"time":1788343260010,"pid":17472,"hostname":"SHAMEEM","msg":"Running Contest Finalization Job..."}
{"level":30,"time":1788343260045,"pid":17472,"hostname":"SHAMEEM","msg":"Contest Finalization Job Completed."}
{"level":30,"time":1788343320011,"pid":17472,"hostname":"SHAMEEM","msg":"Running Contest Finalization Job..."}
{"level":30,"time":1788343320080,"pid":17472,"hostname":"SHAMEEM","msg":"Contest Finalization Job Completed."}
{"level":30,"time":1788343380006,"pid":17472,"hostname":"SHAMEEM","msg":"Running Contest Finalization Job..."}
{"level":30,"time":1788343380042,"pid":17472,"hostname":"SHAMEEM","msg":"Contest Finalization Job Completed."}
{"level":30,"time":1788343440009,"pid":17472,"hostname":"SHAMEEM","msg":"Running Contest Finalization Job..."}
{"level":30,"time":1788343440076,"pid":17472,"hostname":"SHAMEEM","msg":"Contest Finalization Job Completed."}
{"level":30,"time":1788343500020,"pid":17472,"hostname":"SHAMEEM","msg":"Running Contest Finalization Job..."}
{"level":30,"time":1788343500056,"pid":17472,"hostname":"SHAMEEM","msg":"Contest Finalization Job Completed."}
{"level":30,"time":1788343560007,"pid":17472,"hostname":"SHAMEEM","msg":"Running Contest Finalization Job..."}
{"level":30,"time":1788343560042,"pid":17472,"hostname":"SHAMEEM","msg":"Contest Finalization Job Completed."}
{"level":30,"time":1788343620006,"pid":17472,"hostname":"SHAMEEM","msg":"Running Contest Finalization Job..."}
{"level":30,"time":1788343620049,"pid":17472,"hostname":"SHAMEEM","msg":"Contest Finalization Job Completed."}
{"level":30,"time":1788343680024,"pid":17472,"hostname":"SHAMEEM","msg":"Running Contest Finalization Job..."}
{"level":30,"time":1788343680060,"pid":17472,"hostname":"SHAMEEM","msg":"Contest Finalization Job Completed."}
{"level":30,"time":1788343740017,"pid":17472,"hostname":"SHAMEEM","msg":"Running Contest Finalization Job..."}
{"level":30,"time":1788343740053,"pid":17472,"hostname":"SHAMEEM","msg":"Contest Finalization Job Completed."}
{"level":30,"time":1788343800006,"pid":17472,"hostname":"SHAMEEM","msg":"Running Contest Finalization Job..."}
{"level":30,"time":1788343800041,"pid":17472,"hostname":"SHAMEEM","msg":"Contest Finalization Job Completed."}
{"level":30,"time":1788343860008,"pid":17472,"hostname":"SHAMEEM","msg":"Running Contest Finalization Job..."}
{"level":30,"time":1788343860043,"pid":17472,"hostname":"SHAMEEM","msg":"Contest Finalization Job Completed."}
{"level":30,"time":1788343920005,"pid":17472,"hostname":"SHAMEEM","msg":"Running Contest Finalization Job..."}
{"level":30,"time":1788343920047,"pid":17472,"hostname":"SHAMEEM","msg":"Contest Finalization Job Completed."}
{"level":30,"time":1788343980003,"pid":17472,"hostname":"SHAMEEM","msg":"Running Contest Finalization Job..."}
{"level":30,"time":1788343980038,"pid":17472,"hostname":"SHAMEEM","msg":"Contest Finalization Job Completed."}
{"level":30,"time":1788344040009,"pid":17472,"hostname":"SHAMEEM","msg":"Running Contest Finalization Job..."}
{"level":30,"time":1788344040045,"pid":17472,"hostname":"SHAMEEM","msg":"Contest Finalization Job Completed."}
{"level":30,"time":1788344100020,"pid":17472,"hostname":"SHAMEEM","msg":"Running Contest Finalization Job..."}
{"level":30,"time":1788344100060,"pid":17472,"hostname":"SHAMEEM","msg":"Contest Finalization Job Completed."}
{"level":30,"time":1788344160018,"pid":17472,"hostname":"SHAMEEM","msg":"Running Contest Finalization Job..."}
{"level":30,"time":1788344160055,"pid":17472,"hostname":"SHAMEEM","msg":"Contest Finalization Job Completed."}
{"level":30,"time":1788344220010,"pid":17472,"hostname":"SHAMEEM","msg":"Running Contest Finalization Job..."}
{"level":30,"time":1788344220045,"pid":17472,"hostname":"SHAMEEM","msg":"Contest Finalization Job Completed."}
{"level":30,"time":1788344280009,"pid":17472,"hostname":"SHAMEEM","msg":"Running Contest Finalization Job..."}
{"level":30,"time":1788344280046,"pid":17472,"hostname":"SHAMEEM","msg":"Contest Finalization Job Completed."}
{"level":30,"time":1788344340007,"pid":17472,"hostname":"SHAMEEM","msg":"Running Contest Finalization Job..."}
{"level":30,"time":1788344340042,"pid":17472,"hostname":"SHAMEEM","msg":"Contest Finalization Job Completed."}
{"level":30,"time":1788344400007,"pid":17472,"hostname":"SHAMEEM","msg":"Running Contest Finalization Job..."}
{"level":30,"time":1788344400041,"pid":17472,"hostname":"SHAMEEM","msg":"Contest Finalization Job Completed."}
{"level":30,"time":1788344460012,"pid":17472,"hostname":"SHAMEEM","msg":"Running Contest Finalization Job..."}
{"level":30,"time":1788344460047,"pid":17472,"hostname":"SHAMEEM","msg":"Contest Finalization Job Completed."}
{"level":30,"time":1788344520017,"pid":17472,"hostname":"SHAMEEM","msg":"Running Contest Finalization Job..."}
{"level":30,"time":1788344520053,"pid":17472,"hostname":"SHAMEEM","msg":"Contest Finalization Job Completed."}
{"level":30,"time":1788344580009,"pid":17472,"hostname":"SHAMEEM","msg":"Running Contest Finalization Job..."}
{"level":30,"time":1788344580043,"pid":17472,"hostname":"SHAMEEM","msg":"Contest Finalization Job Completed."}
{"level":30,"time":1788344640009,"pid":17472,"hostname":"SHAMEEM","msg":"Running Contest Finalization Job..."}
{"level":30,"time":1788344640043,"pid":17472,"hostname":"SHAMEEM","msg":"Contest Finalization Job Completed."}
{"level":30,"time":1788344700018,"pid":17472,"hostname":"SHAMEEM","msg":"Running Contest Finalization Job..."}
{"level":30,"time":1788344700057,"pid":17472,"hostname":"SHAMEEM","msg":"Contest Finalization Job Completed."}
{"level":30,"time":1788344760017,"pid":17472,"hostname":"SHAMEEM","msg":"Running Contest Finalization Job..."}
{"level":30,"time":1788344760053,"pid":17472,"hostname":"SHAMEEM","msg":"Contest Finalization Job Completed."}
{"level":30,"time":1788344820009,"pid":17472,"hostname":"SHAMEEM","msg":"Running Contest Finalization Job..."}
{"level":30,"time":1788344820047,"pid":17472,"hostname":"SHAMEEM","msg":"Contest Finalization Job Completed."}
{"level":30,"time":1788344880008,"pid":17472,"hostname":"SHAMEEM","msg":"Running Contest Finalization Job..."}
{"level":30,"time":1788344880044,"pid":17472,"hostname":"SHAMEEM","msg":"Contest Finalization Job Completed."}
{"level":30,"time":1788344940012,"pid":17472,"hostname":"SHAMEEM","msg":"Running Contest Finalization Job..."}
{"level":30,"time":1788344940047,"pid":17472,"hostname":"SHAMEEM","msg":"Contest Finalization Job Completed."}
{"level":30,"time":1788345000010,"pid":17472,"hostname":"SHAMEEM","msg":"Running Contest Finalization Job..."}
{"level":30,"time":1788345000051,"pid":17472,"hostname":"SHAMEEM","msg":"Contest Finalization Job Completed."}
{"level":30,"time":1788345060012,"pid":17472,"hostname":"SHAMEEM","msg":"Running Contest Finalization Job..."}
{"level":30,"time":1788345060048,"pid":17472,"hostname":"SHAMEEM","msg":"Contest Finalization Job Completed."}
{"level":30,"time":1788345120003,"pid":17472,"hostname":"SHAMEEM","msg":"Running Contest Finalization Job..."}
{"level":30,"time":1788345120044,"pid":17472,"hostname":"SHAMEEM","msg":"Contest Finalization Job Completed."}
{"level":30,"time":1788345180013,"pid":17472,"hostname":"SHAMEEM","msg":"Running Contest Finalization Job..."}
{"level":30,"time":1788345180051,"pid":17472,"hostname":"SHAMEEM","msg":"Contest Finalization Job Completed."}
{"level":30,"time":1788345240009,"pid":17472,"hostname":"SHAMEEM","msg":"Running Contest Finalization Job..."}
{"level":30,"time":1788345240051,"pid":17472,"hostname":"SHAMEEM","msg":"Contest Finalization Job Completed."}
{"level":30,"time":1788345300004,"pid":17472,"hostname":"SHAMEEM","msg":"Running Contest Finalization Job..."}
{"level":30,"time":1788345300044,"pid":17472,"hostname":"SHAMEEM","msg":"Contest Finalization Job Completed."}
{"level":30,"time":1788345360018,"pid":17472,"hostname":"SHAMEEM","msg":"Running Contest Finalization Job..."}
{"level":30,"time":1788345360057,"pid":17472,"hostname":"SHAMEEM","msg":"Contest Finalization Job Completed."}
{"level":30,"time":1788345420008,"pid":17472,"hostname":"SHAMEEM","msg":"Running Contest Finalization Job..."}
{"level":30,"time":1788345420044,"pid":17472,"hostname":"SHAMEEM","msg":"Contest Finalization Job Completed."}
{"level":30,"time":1788345480003,"pid":17472,"hostname":"SHAMEEM","msg":"Running Contest Finalization Job..."}
{"level":30,"time":1788345480037,"pid":17472,"hostname":"SHAMEEM","msg":"Contest Finalization Job Completed."}
{"level":30,"time":1788345540010,"pid":17472,"hostname":"SHAMEEM","msg":"Running Contest Finalization Job..."}
{"level":30,"time":1788345540045,"pid":17472,"hostname":"SHAMEEM","msg":"Contest Finalization Job Completed."}
{"level":30,"time":1788345600017,"pid":17472,"hostname":"SHAMEEM","msg":"Running Contest Finalization Job..."}
{"level":30,"time":1788345600053,"pid":17472,"hostname":"SHAMEEM","msg":"Contest Finalization Job Completed."}
{"level":30,"time":1788345660003,"pid":17472,"hostname":"SHAMEEM","msg":"Running Contest Finalization Job..."}
{"level":30,"time":1788345660038,"pid":17472,"hostname":"SHAMEEM","msg":"Contest Finalization Job Completed."}
{"level":30,"time":1788345720009,"pid":17472,"hostname":"SHAMEEM","msg":"Running Contest Finalization Job..."}
{"level":30,"time":1788345720048,"pid":17472,"hostname":"SHAMEEM","msg":"Contest Finalization Job Completed."}
{"level":30,"time":1788345780002,"pid":17472,"hostname":"SHAMEEM","msg":"Running Contest Finalization Job..."}
{"level":30,"time":1788345780081,"pid":17472,"hostname":"SHAMEEM","msg":"Contest Finalization Job Completed."}
{"level":30,"time":1788345840015,"pid":17472,"hostname":"SHAMEEM","msg":"Running Contest Finalization Job..."}
{"level":30,"time":1788345840067,"pid":17472,"hostname":"SHAMEEM","msg":"Contest Finalization Job Completed."}
{"level":30,"time":1788345900002,"pid":17472,"hostname":"SHAMEEM","msg":"Running Contest Finalization Job..."}
{"level":30,"time":1788345900037,"pid":17472,"hostname":"SHAMEEM","msg":"Contest Finalization Job Completed."}
{"level":30,"time":1788345960008,"pid":17472,"hostname":"SHAMEEM","msg":"Running Contest Finalization Job..."}
{"level":30,"time":1788345960076,"pid":17472,"hostname":"SHAMEEM","msg":"Contest Finalization Job Completed."}
{"level":30,"time":1788346020007,"pid":17472,"hostname":"SHAMEEM","msg":"Running Contest Finalization Job..."}
{"level":30,"time":1788346020043,"pid":17472,"hostname":"SHAMEEM","msg":"Contest Finalization Job Completed."}
{"level":30,"time":1788346080016,"pid":17472,"hostname":"SHAMEEM","msg":"Running Contest Finalization Job..."}
{"level":30,"time":1788346080054,"pid":17472,"hostname":"SHAMEEM","msg":"Contest Finalization Job Completed."}
{"level":30,"time":1788346140015,"pid":17472,"hostname":"SHAMEEM","msg":"Running Contest Finalization Job..."}
{"level":30,"time":1788346140405,"pid":17472,"hostname":"SHAMEEM","msg":"Contest Finalization Job Completed."}
{"level":30,"time":1788346200005,"pid":17472,"hostname":"SHAMEEM","msg":"Running Contest Finalization Job..."}
{"level":30,"time":1788346200040,"pid":17472,"hostname":"SHAMEEM","msg":"Contest Finalization Job Completed."}
{"level":30,"time":1788346260009,"pid":17472,"hostname":"SHAMEEM","msg":"Running Contest Finalization Job..."}
{"level":30,"time":1788346260047,"pid":17472,"hostname":"SHAMEEM","msg":"Contest Finalization Job Completed."}
{"level":30,"time":1788346320020,"pid":17472,"hostname":"SHAMEEM","msg":"Running Contest Finalization Job..."}
{"level":30,"time":1788346320056,"pid":17472,"hostname":"SHAMEEM","msg":"Contest Finalization Job Completed."}
{"level":30,"time":1788346380006,"pid":17472,"hostname":"SHAMEEM","msg":"Running Contest Finalization Job..."}
{"level":30,"time":1788346380044,"pid":17472,"hostname":"SHAMEEM","msg":"Contest Finalization Job Completed."}
{"level":30,"time":1788346440008,"pid":17472,"hostname":"SHAMEEM","msg":"Running Contest Finalization Job..."}
{"level":30,"time":1788346440047,"pid":17472,"hostname":"SHAMEEM","msg":"Contest Finalization Job Completed."}
{"level":30,"time":1788346500013,"pid":17472,"hostname":"SHAMEEM","msg":"Running Contest Finalization Job..."}
{"level":30,"time":1788346500046,"pid":17472,"hostname":"SHAMEEM","msg":"Contest Finalization Job Completed."}
{"level":30,"time":1788346560016,"pid":17472,"hostname":"SHAMEEM","msg":"Running Contest Finalization Job..."}
{"level":30,"time":1788346560055,"pid":17472,"hostname":"SHAMEEM","msg":"Contest Finalization Job Completed."}
{"level":30,"time":1788346620012,"pid":17472,"hostname":"SHAMEEM","msg":"Running Contest Finalization Job..."}
{"level":30,"time":1788346620049,"pid":17472,"hostname":"SHAMEEM","msg":"Contest Finalization Job Completed."}
{"level":30,"time":1788346680013,"pid":17472,"hostname":"SHAMEEM","msg":"Running Contest Finalization Job..."}
{"level":30,"time":1788346680049,"pid":17472,"hostname":"SHAMEEM","msg":"Contest Finalization Job Completed."}
{"level":30,"time":1788346740009,"pid":17472,"hostname":"SHAMEEM","msg":"Running Contest Finalization Job..."}
{"level":30,"time":1788346740052,"pid":17472,"hostname":"SHAMEEM","msg":"Contest Finalization Job Completed."}
{"level":30,"time":1788346800001,"pid":17472,"hostname":"SHAMEEM","msg":"Running Contest Finalization Job..."}
{"level":30,"time":1788346800036,"pid":17472,"hostname":"SHAMEEM","msg":"Contest Finalization Job Completed."}
{"level":30,"time":1788346860002,"pid":17472,"hostname":"SHAMEEM","msg":"Running Contest Finalization Job..."}
{"level":30,"time":1788346860037,"pid":17472,"hostname":"SHAMEEM","msg":"Contest Finalization Job Completed."}
{"level":30,"time":1788346920016,"pid":17472,"hostname":"SHAMEEM","msg":"Running Contest Finalization Job..."}
{"level":30,"time":1788346920050,"pid":17472,"hostname":"SHAMEEM","msg":"Contest Finalization Job Completed."}
{"level":30,"time":1788346980006,"pid":17472,"hostname":"SHAMEEM","msg":"Running Contest Finalization Job..."}
{"level":30,"time":1788346980039,"pid":17472,"hostname":"SHAMEEM","msg":"Contest Finalization Job Completed."}
{"level":30,"time":1788347040010,"pid":17472,"hostname":"SHAMEEM","msg":"Running Contest Finalization Job..."}
{"level":30,"time":1788347040047,"pid":17472,"hostname":"SHAMEEM","msg":"Contest Finalization Job Completed."}
{"level":30,"time":1788347100008,"pid":17472,"hostname":"SHAMEEM","msg":"Running Contest Finalization Job..."}
{"level":30,"time":1788347100041,"pid":17472,"hostname":"SHAMEEM","msg":"Contest Finalization Job Completed."}
{"level":30,"time":1788347160004,"pid":17472,"hostname":"SHAMEEM","msg":"Running Contest Finalization Job..."}
{"level":30,"time":1788347160041,"pid":17472,"hostname":"SHAMEEM","msg":"Contest Finalization Job Completed."}
{"level":30,"time":1788347220006,"pid":17472,"hostname":"SHAMEEM","msg":"Running Contest Finalization Job..."}
{"level":30,"time":1788347220041,"pid":17472,"hostname":"SHAMEEM","msg":"Contest Finalization Job Completed."}
{"level":30,"time":1788347280016,"pid":17472,"hostname":"SHAMEEM","msg":"Running Contest Finalization Job..."}
{"level":30,"time":1788347280053,"pid":17472,"hostname":"SHAMEEM","msg":"Contest Finalization Job Completed."}
{"level":30,"time":1788347340011,"pid":17472,"hostname":"SHAMEEM","msg":"Running Contest Finalization Job..."}
{"level":30,"time":1788347340047,"pid":17472,"hostname":"SHAMEEM","msg":"Contest Finalization Job Completed."}
{"level":30,"time":1788347400004,"pid":17472,"hostname":"SHAMEEM","msg":"Running Contest Finalization Job..."}
{"level":30,"time":1788347400040,"pid":17472,"hostname":"SHAMEEM","msg":"Contest Finalization Job Completed."}
{"level":30,"time":1788347460009,"pid":17472,"hostname":"SHAMEEM","msg":"Running Contest Finalization Job..."}
{"level":30,"time":1788347460043,"pid":17472,"hostname":"SHAMEEM","msg":"Contest Finalization Job Completed."}
{"level":30,"time":1788347520022,"pid":17472,"hostname":"SHAMEEM","msg":"Running Contest Finalization Job..."}
{"level":30,"time":1788347520058,"pid":17472,"hostname":"SHAMEEM","msg":"Contest Finalization Job Completed."}
{"level":30,"time":1788347580015,"pid":17472,"hostname":"SHAMEEM","msg":"Running Contest Finalization Job..."}
{"level":30,"time":1788347580048,"pid":17472,"hostname":"SHAMEEM","msg":"Contest Finalization Job Completed."}
{"level":30,"time":1788347640014,"pid":17472,"hostname":"SHAMEEM","msg":"Running Contest Finalization Job..."}
{"level":30,"time":1788347640049,"pid":17472,"hostname":"SHAMEEM","msg":"Contest Finalization Job Completed."}
{"level":30,"time":1788347700009,"pid":17472,"hostname":"SHAMEEM","msg":"Running Contest Finalization Job..."}
{"level":30,"time":1788347700044,"pid":17472,"hostname":"SHAMEEM","msg":"Contest Finalization Job Completed."}
{"level":30,"time":1788347760010,"pid":17472,"hostname":"SHAMEEM","msg":"Running Contest Finalization Job..."}
{"level":30,"time":1788347760053,"pid":17472,"hostname":"SHAMEEM","msg":"Contest Finalization Job Completed."}
{"level":30,"time":1788347820015,"pid":17472,"hostname":"SHAMEEM","msg":"Running Contest Finalization Job..."}
{"level":30,"time":1788347820049,"pid":17472,"hostname":"SHAMEEM","msg":"Contest Finalization Job Completed."}
{"level":30,"time":1788347880009,"pid":17472,"hostname":"SHAMEEM","msg":"Running Contest Finalization Job..."}
{"level":30,"time":1788347880045,"pid":17472,"hostname":"SHAMEEM","msg":"Contest Finalization Job Completed."}
{"level":30,"time":1788347940009,"pid":17472,"hostname":"SHAMEEM","msg":"Running Contest Finalization Job..."}
{"level":30,"time":1788347940044,"pid":17472,"hostname":"SHAMEEM","msg":"Contest Finalization Job Completed."}
{"level":30,"time":1788348000014,"pid":17472,"hostname":"SHAMEEM","msg":"Running Contest Finalization Job..."}
{"level":30,"time":1788348000049,"pid":17472,"hostname":"SHAMEEM","msg":"Contest Finalization Job Completed."}
{"level":30,"time":1788348060004,"pid":17472,"hostname":"SHAMEEM","msg":"Running Contest Finalization Job..."}
{"level":30,"time":1788348060038,"pid":17472,"hostname":"SHAMEEM","msg":"Contest Finalization Job Completed."}
{"level":30,"time":1788348120012,"pid":17472,"hostname":"SHAMEEM","msg":"Running Contest Finalization Job..."}
{"level":30,"time":1788348120046,"pid":17472,"hostname":"SHAMEEM","msg":"Contest Finalization Job Completed."}
{"level":30,"time":1788348180008,"pid":17472,"hostname":"SHAMEEM","msg":"Running Contest Finalization Job..."}
{"level":30,"time":1788348180044,"pid":17472,"hostname":"SHAMEEM","msg":"Contest Finalization Job Completed."}
{"level":30,"time":1788348240022,"pid":17472,"hostname":"SHAMEEM","msg":"Running Contest Finalization Job..."}
{"level":30,"time":1788348240056,"pid":17472,"hostname":"SHAMEEM","msg":"Contest Finalization Job Completed."}
{"level":30,"time":1788348300002,"pid":17472,"hostname":"SHAMEEM","msg":"Running Contest Finalization Job..."}
{"level":30,"time":1788348300038,"pid":17472,"hostname":"SHAMEEM","msg":"Contest Finalization Job Completed."}
{"level":30,"time":1788348360019,"pid":17472,"hostname":"SHAMEEM","msg":"Running Contest Finalization Job..."}
{"level":30,"time":1788348360056,"pid":17472,"hostname":"SHAMEEM","msg":"Contest Finalization Job Completed."}
{"level":30,"time":1788348420016,"pid":17472,"hostname":"SHAMEEM","msg":"Running Contest Finalization Job..."}
{"level":30,"time":1788348420049,"pid":17472,"hostname":"SHAMEEM","msg":"Contest Finalization Job Completed."}
{"level":30,"time":1788348480016,"pid":17472,"hostname":"SHAMEEM","msg":"Running Contest Finalization Job..."}
{"level":30,"time":1788348480050,"pid":17472,"hostname":"SHAMEEM","msg":"Contest Finalization Job Completed."}
{"level":30,"time":1788348540009,"pid":17472,"hostname":"SHAMEEM","msg":"Running Contest Finalization Job..."}
{"level":30,"time":1788348540044,"pid":17472,"hostname":"SHAMEEM","msg":"Contest Finalization Job Completed."}
{"level":30,"time":1788348600012,"pid":17472,"hostname":"SHAMEEM","msg":"Running Contest Finalization Job..."}
{"level":30,"time":1788348600050,"pid":17472,"hostname":"SHAMEEM","msg":"Contest Finalization Job Completed."}
{"level":30,"time":1788348660016,"pid":17472,"hostname":"SHAMEEM","msg":"Running Contest Finalization Job..."}
{"level":30,"time":1788348660050,"pid":17472,"hostname":"SHAMEEM","msg":"Contest Finalization Job Completed."}
{"level":30,"time":1788348720014,"pid":17472,"hostname":"SHAMEEM","msg":"Running Contest Finalization Job..."}
{"level":30,"time":1788348720051,"pid":17472,"hostname":"SHAMEEM","msg":"Contest Finalization Job Completed."}
{"level":30,"time":1788348780006,"pid":17472,"hostname":"SHAMEEM","msg":"Running Contest Finalization Job..."}
{"level":30,"time":1788348780040,"pid":17472,"hostname":"SHAMEEM","msg":"Contest Finalization Job Completed."}
{"level":30,"time":1788348840008,"pid":17472,"hostname":"SHAMEEM","msg":"Running Contest Finalization Job..."}
{"level":30,"time":1788348840041,"pid":17472,"hostname":"SHAMEEM","msg":"Contest Finalization Job Completed."}
{"level":30,"time":1788348900015,"pid":17472,"hostname":"SHAMEEM","msg":"Running Contest Finalization Job..."}
{"level":30,"time":1788348900049,"pid":17472,"hostname":"SHAMEEM","msg":"Contest Finalization Job Completed."}
{"level":30,"time":1788348960014,"pid":17472,"hostname":"SHAMEEM","msg":"Running Contest Finalization Job..."}
{"level":30,"time":1788348960048,"pid":17472,"hostname":"SHAMEEM","msg":"Contest Finalization Job Completed."}
{"level":30,"time":1788349020006,"pid":17472,"hostname":"SHAMEEM","msg":"Running Contest Finalization Job..."}
{"level":30,"time":1788349020041,"pid":17472,"hostname":"SHAMEEM","msg":"Contest Finalization Job Completed."}
{"level":30,"time":1788349080016,"pid":17472,"hostname":"SHAMEEM","msg":"Running Contest Finalization Job..."}
{"level":30,"time":1788349080049,"pid":17472,"hostname":"SHAMEEM","msg":"Contest Finalization Job Completed."}
{"level":30,"time":1788349140004,"pid":17472,"hostname":"SHAMEEM","msg":"Running Contest Finalization Job..."}
{"level":30,"time":1788349140164,"pid":17472,"hostname":"SHAMEEM","msg":"Contest Finalization Job Completed."}
{"level":30,"time":1788349200023,"pid":17472,"hostname":"SHAMEEM","msg":"Running Contest Finalization Job..."}
{"level":30,"time":1788349200061,"pid":17472,"hostname":"SHAMEEM","msg":"Contest Finalization Job Completed."}
{"level":30,"time":1788349260012,"pid":17472,"hostname":"SHAMEEM","msg":"Running Contest Finalization Job..."}
{"level":30,"time":1788349260221,"pid":17472,"hostname":"SHAMEEM","msg":"Contest Finalization Job Completed."}
{"level":30,"time":1788349320014,"pid":17472,"hostname":"SHAMEEM","msg":"Running Contest Finalization Job..."}
{"level":30,"time":1788349320134,"pid":17472,"hostname":"SHAMEEM","msg":"Contest Finalization Job Completed."}
{"level":30,"time":1788349380012,"pid":17472,"hostname":"SHAMEEM","msg":"Running Contest Finalization Job..."}
{"level":30,"time":1788349380048,"pid":17472,"hostname":"SHAMEEM","msg":"Contest Finalization Job Completed."}
{"level":30,"time":1788349440001,"pid":17472,"hostname":"SHAMEEM","msg":"Running Contest Finalization Job..."}
{"level":30,"time":1788349440036,"pid":17472,"hostname":"SHAMEEM","msg":"Contest Finalization Job Completed."}
{"level":30,"time":1788349500018,"pid":17472,"hostname":"SHAMEEM","msg":"Running Contest Finalization Job..."}
{"level":30,"time":1788349500096,"pid":17472,"hostname":"SHAMEEM","msg":"Contest Finalization Job Completed."}
{"level":30,"time":1788349560007,"pid":17472,"hostname":"SHAMEEM","msg":"Running Contest Finalization Job..."}
{"level":30,"time":1788349560054,"pid":17472,"hostname":"SHAMEEM","msg":"Contest Finalization Job Completed."}
{"level":30,"time":1788349620014,"pid":17472,"hostname":"SHAMEEM","msg":"Running Contest Finalization Job..."}
{"level":30,"time":1788349620074,"pid":17472,"hostname":"SHAMEEM","msg":"Contest Finalization Job Completed."}
{"level":30,"time":1788349680018,"pid":17472,"hostname":"SHAMEEM","msg":"Running Contest Finalization Job..."}
{"level":30,"time":1788349680060,"pid":17472,"hostname":"SHAMEEM","msg":"Contest Finalization Job Completed."}
{"level":30,"time":1788349740018,"pid":17472,"hostname":"SHAMEEM","msg":"Running Contest Finalization Job..."}
{"level":30,"time":1788349740054,"pid":17472,"hostname":"SHAMEEM","msg":"Contest Finalization Job Completed."}
{"level":30,"time":1788349800010,"pid":17472,"hostname":"SHAMEEM","msg":"Running Contest Finalization Job..."}
{"level":30,"time":1788349800045,"pid":17472,"hostname":"SHAMEEM","msg":"Contest Finalization Job Completed."}
{"level":30,"time":1788349860012,"pid":17472,"hostname":"SHAMEEM","msg":"Running Contest Finalization Job..."}
{"level":30,"time":1788349860046,"pid":17472,"hostname":"SHAMEEM","msg":"Contest Finalization Job Completed."}
{"level":30,"time":1788349920018,"pid":17472,"hostname":"SHAMEEM","msg":"Running Contest Finalization Job..."}
{"level":30,"time":1788349920052,"pid":17472,"hostname":"SHAMEEM","msg":"Contest Finalization Job Completed."}
{"level":30,"time":1788349980004,"pid":17472,"hostname":"SHAMEEM","msg":"Running Contest Finalization Job..."}
{"level":30,"time":1788349980038,"pid":17472,"hostname":"SHAMEEM","msg":"Contest Finalization Job Completed."}
{"level":30,"time":1788350040010,"pid":17472,"hostname":"SHAMEEM","msg":"Running Contest Finalization Job..."}
{"level":30,"time":1788350040046,"pid":17472,"hostname":"SHAMEEM","msg":"Contest Finalization Job Completed."}
{"level":30,"time":1788350100015,"pid":17472,"hostname":"SHAMEEM","msg":"Running Contest Finalization Job..."}
{"level":30,"time":1788350100049,"pid":17472,"hostname":"SHAMEEM","msg":"Contest Finalization Job Completed."}
{"level":30,"time":1788350160017,"pid":17472,"hostname":"SHAMEEM","msg":"Running Contest Finalization Job..."}
{"level":30,"time":1788350160194,"pid":17472,"hostname":"SHAMEEM","msg":"Contest Finalization Job Completed."}
{"level":30,"time":1788350220002,"pid":17472,"hostname":"SHAMEEM","msg":"Running Contest Finalization Job..."}
{"level":30,"time":1788350220036,"pid":17472,"hostname":"SHAMEEM","msg":"Contest Finalization Job Completed."}
{"level":30,"time":1788350280004,"pid":17472,"hostname":"SHAMEEM","msg":"Running Contest Finalization Job..."}
{"level":30,"time":1788350280041,"pid":17472,"hostname":"SHAMEEM","msg":"Contest Finalization Job Completed."}
{"level":30,"time":1788350340010,"pid":17472,"hostname":"SHAMEEM","msg":"Running Contest Finalization Job..."}
{"level":30,"time":1788350340048,"pid":17472,"hostname":"SHAMEEM","msg":"Contest Finalization Job Completed."}
{"level":30,"time":1788350400006,"pid":17472,"hostname":"SHAMEEM","msg":"Running Contest Finalization Job..."}
{"level":30,"time":1788350400046,"pid":17472,"hostname":"SHAMEEM","msg":"Contest Finalization Job Completed."}
{"level":30,"time":1788350460003,"pid":17472,"hostname":"SHAMEEM","msg":"Running Contest Finalization Job..."}
{"level":30,"time":1788350460037,"pid":17472,"hostname":"SHAMEEM","msg":"Contest Finalization Job Completed."}
{"level":30,"time":1788350520008,"pid":17472,"hostname":"SHAMEEM","msg":"Running Contest Finalization Job..."}
{"level":30,"time":1788350520044,"pid":17472,"hostname":"SHAMEEM","msg":"Contest Finalization Job Completed."}
{"level":30,"time":1788350580009,"pid":17472,"hostname":"SHAMEEM","msg":"Running Contest Finalization Job..."}
{"level":30,"time":1788350580045,"pid":17472,"hostname":"SHAMEEM","msg":"Contest Finalization Job Completed."}
{"level":30,"time":1788350640008,"pid":17472,"hostname":"SHAMEEM","msg":"Running Contest Finalization Job..."}
{"level":30,"time":1788350640042,"pid":17472,"hostname":"SHAMEEM","msg":"Contest Finalization Job Completed."}
{"level":30,"time":1788350700006,"pid":17472,"hostname":"SHAMEEM","msg":"Running Contest Finalization Job..."}
{"level":30,"time":1788350700213,"pid":17472,"hostname":"SHAMEEM","msg":"Contest Finalization Job Completed."}
{"level":30,"time":1788350760023,"pid":17472,"hostname":"SHAMEEM","msg":"Running Contest Finalization Job..."}
{"level":30,"time":1788350760055,"pid":17472,"hostname":"SHAMEEM","msg":"Contest Finalization Job Completed."}
{"level":30,"time":1788350820019,"pid":17472,"hostname":"SHAMEEM","msg":"Running Contest Finalization Job..."}
{"level":30,"time":1788350820052,"pid":17472,"hostname":"SHAMEEM","msg":"Contest Finalization Job Completed."}
{"level":30,"time":1788350880004,"pid":17472,"hostname":"SHAMEEM","msg":"Running Contest Finalization Job..."}
{"level":30,"time":1788350880038,"pid":17472,"hostname":"SHAMEEM","msg":"Contest Finalization Job Completed."}
{"level":30,"time":1788350940012,"pid":17472,"hostname":"SHAMEEM","msg":"Running Contest Finalization Job..."}
{"level":30,"time":1788350940044,"pid":17472,"hostname":"SHAMEEM","msg":"Contest Finalization Job Completed."}
{"level":30,"time":1788351000003,"pid":17472,"hostname":"SHAMEEM","msg":"Running Contest Finalization Job..."}
{"level":30,"time":1788351000221,"pid":17472,"hostname":"SHAMEEM","msg":"Contest Finalization Job Completed."}
{"level":30,"time":1788351060003,"pid":17472,"hostname":"SHAMEEM","msg":"Running Contest Finalization Job..."}
{"level":30,"time":1788351060040,"pid":17472,"hostname":"SHAMEEM","msg":"Contest Finalization Job Completed."}
{"level":30,"time":1788351120001,"pid":17472,"hostname":"SHAMEEM","msg":"Running Contest Finalization Job..."}
{"level":30,"time":1788351120039,"pid":17472,"hostname":"SHAMEEM","msg":"Contest Finalization Job Completed."}
{"level":30,"time":1788351180019,"pid":17472,"hostname":"SHAMEEM","msg":"Running Contest Finalization Job..."}
{"level":30,"time":1788351180052,"pid":17472,"hostname":"SHAMEEM","msg":"Contest Finalization Job Completed."}
{"level":30,"time":1788351240016,"pid":17472,"hostname":"SHAMEEM","msg":"Running Contest Finalization Job..."}
{"level":30,"time":1788351240055,"pid":17472,"hostname":"SHAMEEM","msg":"Contest Finalization Job Completed."}
{"level":30,"time":1788351300014,"pid":17472,"hostname":"SHAMEEM","msg":"Running Contest Finalization Job..."}
{"level":30,"time":1788351300048,"pid":17472,"hostname":"SHAMEEM","msg":"Contest Finalization Job Completed."}
{"level":30,"time":1788351360016,"pid":17472,"hostname":"SHAMEEM","msg":"Running Contest Finalization Job..."}
{"level":30,"time":1788351360049,"pid":17472,"hostname":"SHAMEEM","msg":"Contest Finalization Job Completed."}
{"level":30,"time":1788351420016,"pid":17472,"hostname":"SHAMEEM","msg":"Running Contest Finalization Job..."}
{"level":30,"time":1788351420060,"pid":17472,"hostname":"SHAMEEM","msg":"Contest Finalization Job Completed."}
{"level":30,"time":1788351480013,"pid":17472,"hostname":"SHAMEEM","msg":"Running Contest Finalization Job..."}
{"level":30,"time":1788351480047,"pid":17472,"hostname":"SHAMEEM","msg":"Contest Finalization Job Completed."}
{"level":30,"time":1788351540019,"pid":17472,"hostname":"SHAMEEM","msg":"Running Contest Finalization Job..."}
{"level":30,"time":1788351540050,"pid":17472,"hostname":"SHAMEEM","msg":"Contest Finalization Job Completed."}
{"level":30,"time":1788351600016,"pid":17472,"hostname":"SHAMEEM","msg":"Running Contest Finalization Job..."}
{"level":30,"time":1788351600048,"pid":17472,"hostname":"SHAMEEM","msg":"Contest Finalization Job Completed."}
{"level":30,"time":1788351660004,"pid":17472,"hostname":"SHAMEEM","msg":"Running Contest Finalization Job..."}
{"level":30,"time":1788351660051,"pid":17472,"hostname":"SHAMEEM","msg":"Contest Finalization Job Completed."}
{"level":30,"time":1788351720009,"pid":17472,"hostname":"SHAMEEM","msg":"Running Contest Finalization Job..."}
{"level":30,"time":1788351720043,"pid":17472,"hostname":"SHAMEEM","msg":"Contest Finalization Job Completed."}
{"level":30,"time":1788351780008,"pid":17472,"hostname":"SHAMEEM","msg":"Running Contest Finalization Job..."}
{"level":30,"time":1788351780041,"pid":17472,"hostname":"SHAMEEM","msg":"Contest Finalization Job Completed."}
{"level":30,"time":1788351840019,"pid":17472,"hostname":"SHAMEEM","msg":"Running Contest Finalization Job..."}
{"level":30,"time":1788351840052,"pid":17472,"hostname":"SHAMEEM","msg":"Contest Finalization Job Completed."}
{"level":30,"time":1788351900025,"pid":17472,"hostname":"SHAMEEM","msg":"Running Contest Finalization Job..."}
{"level":30,"time":1788351900058,"pid":17472,"hostname":"SHAMEEM","msg":"Contest Finalization Job Completed."}
{"level":30,"time":1788351960002,"pid":17472,"hostname":"SHAMEEM","msg":"Running Contest Finalization Job..."}
{"level":30,"time":1788351960036,"pid":17472,"hostname":"SHAMEEM","msg":"Contest Finalization Job Completed."}
{"level":30,"time":1788352046258,"pid":5136,"hostname":"SHAMEEM","port":4000,"msg":"Server Connected"}
{"level":30,"time":1788352046374,"pid":5136,"hostname":"SHAMEEM","msg":"Cron Jobs Initialized"}
{"level":30,"time":1788352047426,"pid":5136,"hostname":"SHAMEEM","msg":"Database connected"}
{"level":30,"time":1788352080021,"pid":5136,"hostname":"SHAMEEM","msg":"Running Contest Finalization Job..."}
{"level":30,"time":1788352080062,"pid":5136,"hostname":"SHAMEEM","msg":"Contest Finalization Job Completed."}
{"level":30,"time":1788352133975,"pid":22956,"hostname":"SHAMEEM","port":4000,"msg":"Server Connected"}
{"level":30,"time":1788352134085,"pid":22956,"hostname":"SHAMEEM","msg":"Cron Jobs Initialized"}
{"level":30,"time":1788352134759,"pid":22956,"hostname":"SHAMEEM","msg":"Database connected"}
{"level":30,"time":1788352140018,"pid":22956,"hostname":"SHAMEEM","msg":"Running Contest Finalization Job..."}
{"level":30,"time":1788352140080,"pid":22956,"hostname":"SHAMEEM","msg":"Contest Finalization Job Completed."}
{"level":30,"time":1788352185260,"pid":13876,"hostname":"SHAMEEM","port":4000,"msg":"Server Connected"}
{"level":30,"time":1788352185317,"pid":13876,"hostname":"SHAMEEM","msg":"Cron Jobs Initialized"}
{"level":30,"time":1788352185834,"pid":13876,"hostname":"SHAMEEM","msg":"Database connected"}
{"level":30,"time":1788352200024,"pid":13876,"hostname":"SHAMEEM","msg":"Running Contest Finalization Job..."}
{"level":30,"time":1788352200090,"pid":13876,"hostname":"SHAMEEM","msg":"Contest Finalization Job Completed."}
{"level":30,"time":1788352260007,"pid":13876,"hostname":"SHAMEEM","msg":"Running Contest Finalization Job..."}
{"level":30,"time":1788352260065,"pid":13876,"hostname":"SHAMEEM","msg":"Contest Finalization Job Completed."}
{"level":30,"time":1788352321832,"pid":24844,"hostname":"SHAMEEM","port":4000,"msg":"Server Connected"}
{"level":30,"time":1788352321864,"pid":24844,"hostname":"SHAMEEM","msg":"Cron Jobs Initialized"}
{"level":30,"time":1788352322511,"pid":24844,"hostname":"SHAMEEM","msg":"Database connected"}
{"level":30,"time":1788352380017,"pid":24844,"hostname":"SHAMEEM","msg":"Running Contest Finalization Job..."}
{"level":30,"time":1788352380076,"pid":24844,"hostname":"SHAMEEM","msg":"Contest Finalization Job Completed."}
{"level":30,"time":1788352397998,"pid":25708,"hostname":"SHAMEEM","port":4000,"msg":"Server Connected"}
{"level":30,"time":1788352398039,"pid":25708,"hostname":"SHAMEEM","msg":"Cron Jobs Initialized"}
{"level":30,"time":1788352398682,"pid":25708,"hostname":"SHAMEEM","msg":"Database connected"}
{"level":30,"time":1788352440016,"pid":25708,"hostname":"SHAMEEM","msg":"Running Contest Finalization Job..."}
{"level":30,"time":1788352440065,"pid":25708,"hostname":"SHAMEEM","msg":"Contest Finalization Job Completed."}
{"level":30,"time":1788352500006,"pid":25708,"hostname":"SHAMEEM","msg":"Running Contest Finalization Job..."}
{"level":30,"time":1788352500043,"pid":25708,"hostname":"SHAMEEM","msg":"Contest Finalization Job Completed."}
{"level":30,"time":1788352560594,"pid":21452,"hostname":"SHAMEEM","port":4000,"msg":"Server Connected"}
{"level":30,"time":1788352560624,"pid":21452,"hostname":"SHAMEEM","msg":"Cron Jobs Initialized"}
{"level":30,"time":1788352561163,"pid":21452,"hostname":"SHAMEEM","msg":"Database connected"}
{"level":30,"time":1788352620017,"pid":21452,"hostname":"SHAMEEM","msg":"Running Contest Finalization Job..."}
{"level":30,"time":1788352620088,"pid":21452,"hostname":"SHAMEEM","msg":"Contest Finalization Job Completed."}
{"level":30,"time":1788352680004,"pid":21452,"hostname":"SHAMEEM","msg":"Running Contest Finalization Job..."}
{"level":30,"time":1788352680059,"pid":21452,"hostname":"SHAMEEM","msg":"Contest Finalization Job Completed."}
{"level":30,"time":1788352730516,"pid":25564,"hostname":"SHAMEEM","port":4000,"msg":"Server Connected"}
{"level":30,"time":1788352730541,"pid":25564,"hostname":"SHAMEEM","msg":"Cron Jobs Initialized"}
{"level":30,"time":1788352731197,"pid":25564,"hostname":"SHAMEEM","msg":"Database connected"}
{"level":30,"time":1788352740015,"pid":25564,"hostname":"SHAMEEM","msg":"Running Contest Finalization Job..."}
{"level":30,"time":1788352740100,"pid":25564,"hostname":"SHAMEEM","msg":"Contest Finalization Job Completed."}
{"level":30,"time":1788352800006,"pid":25564,"hostname":"SHAMEEM","msg":"Running Contest Finalization Job..."}
{"level":30,"time":1788352800053,"pid":25564,"hostname":"SHAMEEM","msg":"Contest Finalization Job Completed."}
{"level":30,"time":1788352860013,"pid":25564,"hostname":"SHAMEEM","msg":"Running Contest Finalization Job..."}
{"level":30,"time":1788352860052,"pid":25564,"hostname":"SHAMEEM","msg":"Contest Finalization Job Completed."}
{"level":30,"time":1788352920003,"pid":25564,"hostname":"SHAMEEM","msg":"Running Contest Finalization Job..."}
{"level":30,"time":1788352920042,"pid":25564,"hostname":"SHAMEEM","msg":"Contest Finalization Job Completed."}
{"level":30,"time":1788352980010,"pid":25564,"hostname":"SHAMEEM","msg":"Running Contest Finalization Job..."}
{"level":30,"time":1788352980048,"pid":25564,"hostname":"SHAMEEM","msg":"Contest Finalization Job Completed."}
{"level":30,"time":1788353040003,"pid":25564,"hostname":"SHAMEEM","msg":"Running Contest Finalization Job..."}
{"level":30,"time":1788353040040,"pid":25564,"hostname":"SHAMEEM","msg":"Contest Finalization Job Completed."}
{"level":30,"time":1788353100010,"pid":25564,"hostname":"SHAMEEM","msg":"Running Contest Finalization Job..."}
{"level":30,"time":1788353100049,"pid":25564,"hostname":"SHAMEEM","msg":"Contest Finalization Job Completed."}
{"level":30,"time":1788353160011,"pid":25564,"hostname":"SHAMEEM","msg":"Running Contest Finalization Job..."}
{"level":30,"time":1788353160052,"pid":25564,"hostname":"SHAMEEM","msg":"Contest Finalization Job Completed."}
{"level":30,"time":1788353220010,"pid":25564,"hostname":"SHAMEEM","msg":"Running Contest Finalization Job..."}
{"level":30,"time":1788353220060,"pid":25564,"hostname":"SHAMEEM","msg":"Contest Finalization Job Completed."}
{"level":30,"time":1788353280006,"pid":25564,"hostname":"SHAMEEM","msg":"Running Contest Finalization Job..."}
{"level":30,"time":1788353280238,"pid":25564,"hostname":"SHAMEEM","msg":"Contest Finalization Job Completed."}
{"level":30,"time":1788353340011,"pid":25564,"hostname":"SHAMEEM","msg":"Running Contest Finalization Job..."}
{"level":30,"time":1788353340047,"pid":25564,"hostname":"SHAMEEM","msg":"Contest Finalization Job Completed."}
{"level":30,"time":1788353400026,"pid":25564,"hostname":"SHAMEEM","msg":"Running Contest Finalization Job..."}
{"level":30,"time":1788353400071,"pid":25564,"hostname":"SHAMEEM","msg":"Contest Finalization Job Completed."}
{"level":30,"time":1788353460013,"pid":25564,"hostname":"SHAMEEM","msg":"Running Contest Finalization Job..."}
{"level":30,"time":1788353460050,"pid":25564,"hostname":"SHAMEEM","msg":"Contest Finalization Job Completed."}
{"level":30,"time":1788353520007,"pid":25564,"hostname":"SHAMEEM","msg":"Running Contest Finalization Job..."}
{"level":30,"time":1788353520050,"pid":25564,"hostname":"SHAMEEM","msg":"Contest Finalization Job Completed."}
{"level":30,"time":1788353580016,"pid":25564,"hostname":"SHAMEEM","msg":"Running Contest Finalization Job..."}
{"level":30,"time":1788353580052,"pid":25564,"hostname":"SHAMEEM","msg":"Contest Finalization Job Completed."}
{"level":30,"time":1788353593719,"pid":15284,"hostname":"SHAMEEM","port":4000,"msg":"Server Connected"}
{"level":30,"time":1788353593803,"pid":15284,"hostname":"SHAMEEM","msg":"Cron Jobs Initialized"}
{"level":30,"time":1788353594598,"pid":15284,"hostname":"SHAMEEM","msg":"Database connected"}
{"level":30,"time":1788353631322,"pid":15244,"hostname":"SHAMEEM","port":4000,"msg":"Server Connected"}
{"level":30,"time":1788353631396,"pid":15244,"hostname":"SHAMEEM","msg":"Cron Jobs Initialized"}
{"level":30,"time":1788353632063,"pid":15244,"hostname":"SHAMEEM","msg":"Database connected"}
{"level":30,"time":1788353640019,"pid":15244,"hostname":"SHAMEEM","msg":"Running Contest Finalization Job..."}
{"level":30,"time":1788353640096,"pid":15244,"hostname":"SHAMEEM","msg":"Contest Finalization Job Completed."}
{"level":30,"time":1788353662896,"pid":13744,"hostname":"SHAMEEM","port":4000,"msg":"Server Connected"}
{"level":30,"time":1788353662927,"pid":13744,"hostname":"SHAMEEM","msg":"Cron Jobs Initialized"}
{"level":30,"time":1788353663572,"pid":13744,"hostname":"SHAMEEM","msg":"Database connected"}
{"level":30,"time":1788353700007,"pid":13744,"hostname":"SHAMEEM","msg":"Running Contest Finalization Job..."}
{"level":30,"time":1788353700061,"pid":13744,"hostname":"SHAMEEM","msg":"Contest Finalization Job Completed."}
{"level":30,"time":1788353760007,"pid":13744,"hostname":"SHAMEEM","msg":"Running Contest Finalization Job..."}
{"level":30,"time":1788353760046,"pid":13744,"hostname":"SHAMEEM","msg":"Contest Finalization Job Completed."}
{"level":30,"time":1788353820002,"pid":13744,"hostname":"SHAMEEM","msg":"Running Contest Finalization Job..."}
{"level":30,"time":1788353820073,"pid":13744,"hostname":"SHAMEEM","msg":"Contest Finalization Job Completed."}
{"level":30,"time":1788353880012,"pid":13744,"hostname":"SHAMEEM","msg":"Running Contest Finalization Job..."}
{"level":30,"time":1788353880046,"pid":13744,"hostname":"SHAMEEM","msg":"Contest Finalization Job Completed."}
{"level":30,"time":1788353940012,"pid":13744,"hostname":"SHAMEEM","msg":"Running Contest Finalization Job..."}
{"level":30,"time":1788353940249,"pid":13744,"hostname":"SHAMEEM","msg":"Contest Finalization Job Completed."}
{"level":30,"time":1788354000024,"pid":13744,"hostname":"SHAMEEM","msg":"Running Contest Finalization Job..."}
{"level":30,"time":1788354000058,"pid":13744,"hostname":"SHAMEEM","msg":"Contest Finalization Job Completed."}
{"level":30,"time":1788354060012,"pid":13744,"hostname":"SHAMEEM","msg":"Running Contest Finalization Job..."}
{"level":30,"time":1788354060061,"pid":13744,"hostname":"SHAMEEM","msg":"Contest Finalization Job Completed."}
{"level":30,"time":1788354120017,"pid":13744,"hostname":"SHAMEEM","msg":"Running Contest Finalization Job..."}
{"level":30,"time":1788354120050,"pid":13744,"hostname":"SHAMEEM","msg":"Contest Finalization Job Completed."}
{"level":30,"time":1788354180007,"pid":13744,"hostname":"SHAMEEM","msg":"Running Contest Finalization Job..."}
{"level":30,"time":1788354180093,"pid":13744,"hostname":"SHAMEEM","msg":"Contest Finalization Job Completed."}
{"level":30,"time":1788354240015,"pid":13744,"hostname":"SHAMEEM","msg":"Running Contest Finalization Job..."}
{"level":30,"time":1788354240137,"pid":13744,"hostname":"SHAMEEM","msg":"Contest Finalization Job Completed."}
{"level":30,"time":1788354300009,"pid":13744,"hostname":"SHAMEEM","msg":"Running Contest Finalization Job..."}
{"level":30,"time":1788354300052,"pid":13744,"hostname":"SHAMEEM","msg":"Contest Finalization Job Completed."}
{"level":30,"time":1788365400033,"pid":13744,"hostname":"SHAMEEM","msg":"Running Contest Finalization Job..."}
{"level":30,"time":1788365400524,"pid":13744,"hostname":"SHAMEEM","msg":"Contest Finalization Job Completed."}
{"level":30,"time":1788365460017,"pid":13744,"hostname":"SHAMEEM","msg":"Running Contest Finalization Job..."}
{"level":30,"time":1788365460095,"pid":13744,"hostname":"SHAMEEM","msg":"Contest Finalization Job Completed."}
{"level":30,"time":1788365520015,"pid":13744,"hostname":"SHAMEEM","msg":"Running Contest Finalization Job..."}
{"level":30,"time":1788365520057,"pid":13744,"hostname":"SHAMEEM","msg":"Contest Finalization Job Completed."}
{"level":30,"time":1788365580012,"pid":13744,"hostname":"SHAMEEM","msg":"Running Contest Finalization Job..."}
{"level":30,"time":1788365580051,"pid":13744,"hostname":"SHAMEEM","msg":"Contest Finalization Job Completed."}
{"level":30,"time":1788365640012,"pid":13744,"hostname":"SHAMEEM","msg":"Running Contest Finalization Job..."}
{"level":30,"time":1788365640058,"pid":13744,"hostname":"SHAMEEM","msg":"Contest Finalization Job Completed."}
{"level":30,"time":1788365700021,"pid":13744,"hostname":"SHAMEEM","msg":"Running Contest Finalization Job..."}
{"level":30,"time":1788365700057,"pid":13744,"hostname":"SHAMEEM","msg":"Contest Finalization Job Completed."}
{"level":30,"time":1788365760008,"pid":13744,"hostname":"SHAMEEM","msg":"Running Contest Finalization Job..."}
{"level":30,"time":1788365760047,"pid":13744,"hostname":"SHAMEEM","msg":"Contest Finalization Job Completed."}
{"level":30,"time":1788365820015,"pid":13744,"hostname":"SHAMEEM","msg":"Running Contest Finalization Job..."}
{"level":30,"time":1788365820060,"pid":13744,"hostname":"SHAMEEM","msg":"Contest Finalization Job Completed."}
{"level":30,"time":1788365880011,"pid":13744,"hostname":"SHAMEEM","msg":"Running Contest Finalization Job..."}
{"level":30,"time":1788365880061,"pid":13744,"hostname":"SHAMEEM","msg":"Contest Finalization Job Completed."}
{"level":30,"time":1788365940009,"pid":13744,"hostname":"SHAMEEM","msg":"Running Contest Finalization Job..."}
{"level":30,"time":1788365940051,"pid":13744,"hostname":"SHAMEEM","msg":"Contest Finalization Job Completed."}
{"level":30,"time":1788366000007,"pid":13744,"hostname":"SHAMEEM","msg":"Running Contest Finalization Job..."}
{"level":30,"time":1788366000045,"pid":13744,"hostname":"SHAMEEM","msg":"Contest Finalization Job Completed."}
{"level":30,"time":1788366060013,"pid":13744,"hostname":"SHAMEEM","msg":"Running Contest Finalization Job..."}
{"level":30,"time":1788366060075,"pid":13744,"hostname":"SHAMEEM","msg":"Contest Finalization Job Completed."}
{"level":30,"time":1788366120020,"pid":13744,"hostname":"SHAMEEM","msg":"Running Contest Finalization Job..."}
{"level":30,"time":1788366120061,"pid":13744,"hostname":"SHAMEEM","msg":"Contest Finalization Job Completed."}
{"level":30,"time":1788368640009,"pid":13744,"hostname":"SHAMEEM","msg":"Running Contest Finalization Job..."}
{"level":30,"time":1788368640329,"pid":13744,"hostname":"SHAMEEM","msg":"Contest Finalization Job Completed."}
{"level":30,"time":1788368700014,"pid":13744,"hostname":"SHAMEEM","msg":"Running Contest Finalization Job..."}
{"level":30,"time":1788368700315,"pid":13744,"hostname":"SHAMEEM","msg":"Contest Finalization Job Completed."}
{"level":30,"time":1788368760019,"pid":13744,"hostname":"SHAMEEM","msg":"Running Contest Finalization Job..."}
{"level":30,"time":1788368760071,"pid":13744,"hostname":"SHAMEEM","msg":"Contest Finalization Job Completed."}
{"level":30,"time":1788368820008,"pid":13744,"hostname":"SHAMEEM","msg":"Running Contest Finalization Job..."}
{"level":30,"time":1788368820042,"pid":13744,"hostname":"SHAMEEM","msg":"Contest Finalization Job Completed."}
{"level":30,"time":1788368880002,"pid":13744,"hostname":"SHAMEEM","msg":"Running Contest Finalization Job..."}
{"level":30,"time":1788368880036,"pid":13744,"hostname":"SHAMEEM","msg":"Contest Finalization Job Completed."}
{"level":30,"time":1788368940012,"pid":13744,"hostname":"SHAMEEM","msg":"Running Contest Finalization Job..."}
{"level":30,"time":1788368940103,"pid":13744,"hostname":"SHAMEEM","msg":"Contest Finalization Job Completed."}
{"level":30,"time":1788369000023,"pid":13744,"hostname":"SHAMEEM","msg":"Running Contest Finalization Job..."}
{"level":30,"time":1788369000114,"pid":13744,"hostname":"SHAMEEM","msg":"Contest Finalization Job Completed."}
{"level":30,"time":1788369060004,"pid":13744,"hostname":"SHAMEEM","msg":"Running Contest Finalization Job..."}
{"level":30,"time":1788369060041,"pid":13744,"hostname":"SHAMEEM","msg":"Contest Finalization Job Completed."}
{"level":30,"time":1788369120021,"pid":13744,"hostname":"SHAMEEM","msg":"Running Contest Finalization Job..."}
{"level":30,"time":1788369120059,"pid":13744,"hostname":"SHAMEEM","msg":"Contest Finalization Job Completed."}
{"level":30,"time":1788369180003,"pid":13744,"hostname":"SHAMEEM","msg":"Running Contest Finalization Job..."}
{"level":30,"time":1788369180042,"pid":13744,"hostname":"SHAMEEM","msg":"Contest Finalization Job Completed."}
{"level":30,"time":1788369240012,"pid":13744,"hostname":"SHAMEEM","msg":"Running Contest Finalization Job..."}
{"level":30,"time":1788369240106,"pid":13744,"hostname":"SHAMEEM","msg":"Contest Finalization Job Completed."}
{"level":30,"time":1788369300016,"pid":13744,"hostname":"SHAMEEM","msg":"Running Contest Finalization Job..."}
{"level":30,"time":1788369300049,"pid":13744,"hostname":"SHAMEEM","msg":"Contest Finalization Job Completed."}
{"level":30,"time":1788369360010,"pid":13744,"hostname":"SHAMEEM","msg":"Running Contest Finalization Job..."}
{"level":30,"time":1788369360042,"pid":13744,"hostname":"SHAMEEM","msg":"Contest Finalization Job Completed."}
{"level":30,"time":1788369420016,"pid":13744,"hostname":"SHAMEEM","msg":"Running Contest Finalization Job..."}
{"level":30,"time":1788369429596,"pid":13744,"hostname":"SHAMEEM","msg":"Contest Finalization Job Completed."}
{"level":30,"time":1788369480010,"pid":13744,"hostname":"SHAMEEM","msg":"Running Contest Finalization Job..."}
{"level":30,"time":1788369480047,"pid":13744,"hostname":"SHAMEEM","msg":"Contest Finalization Job Completed."}
{"level":30,"time":1788369540023,"pid":13744,"hostname":"SHAMEEM","msg":"Running Contest Finalization Job..."}
{"level":30,"time":1788369540069,"pid":13744,"hostname":"SHAMEEM","msg":"Contest Finalization Job Completed."}
{"level":30,"time":1788369600012,"pid":13744,"hostname":"SHAMEEM","msg":"Running Contest Finalization Job..."}
{"level":30,"time":1788369600216,"pid":13744,"hostname":"SHAMEEM","msg":"Contest Finalization Job Completed."}
{"level":30,"time":1788369660005,"pid":13744,"hostname":"SHAMEEM","msg":"Running Contest Finalization Job..."}
{"level":30,"time":1788369660049,"pid":13744,"hostname":"SHAMEEM","msg":"Contest Finalization Job Completed."}
{"level":30,"time":1788369720011,"pid":13744,"hostname":"SHAMEEM","msg":"Running Contest Finalization Job..."}
{"level":30,"time":1788369720048,"pid":13744,"hostname":"SHAMEEM","msg":"Contest Finalization Job Completed."}
{"level":30,"time":1788369780006,"pid":13744,"hostname":"SHAMEEM","msg":"Running Contest Finalization Job..."}
{"level":30,"time":1788369780064,"pid":13744,"hostname":"SHAMEEM","msg":"Contest Finalization Job Completed."}
{"level":30,"time":1788369840011,"pid":13744,"hostname":"SHAMEEM","msg":"Running Contest Finalization Job..."}
{"level":30,"time":1788369840058,"pid":13744,"hostname":"SHAMEEM","msg":"Contest Finalization Job Completed."}
{"level":30,"time":1788369900007,"pid":13744,"hostname":"SHAMEEM","msg":"Running Contest Finalization Job..."}
{"level":30,"time":1788369900050,"pid":13744,"hostname":"SHAMEEM","msg":"Contest Finalization Job Completed."}
{"level":30,"time":1788369960013,"pid":13744,"hostname":"SHAMEEM","msg":"Running Contest Finalization Job..."}
{"level":30,"time":1788369960129,"pid":13744,"hostname":"SHAMEEM","msg":"Contest Finalization Job Completed."}
{"level":30,"time":1788370020009,"pid":13744,"hostname":"SHAMEEM","msg":"Running Contest Finalization Job..."}
{"level":30,"time":1788370020067,"pid":13744,"hostname":"SHAMEEM","msg":"Contest Finalization Job Completed."}
{"level":30,"time":1788370080004,"pid":13744,"hostname":"SHAMEEM","msg":"Running Contest Finalization Job..."}
{"level":30,"time":1788370080042,"pid":13744,"hostname":"SHAMEEM","msg":"Contest Finalization Job Completed."}
{"level":30,"time":1788370140009,"pid":13744,"hostname":"SHAMEEM","msg":"Running Contest Finalization Job..."}
{"level":30,"time":1788370140047,"pid":13744,"hostname":"SHAMEEM","msg":"Contest Finalization Job Completed."}
{"level":30,"time":1788370200013,"pid":13744,"hostname":"SHAMEEM","msg":"Running Contest Finalization Job..."}
{"level":30,"time":1788370200062,"pid":13744,"hostname":"SHAMEEM","msg":"Contest Finalization Job Completed."}
{"level":30,"time":1788370260010,"pid":13744,"hostname":"SHAMEEM","msg":"Running Contest Finalization Job..."}
{"level":30,"time":1788370260063,"pid":13744,"hostname":"SHAMEEM","msg":"Contest Finalization Job Completed."}
{"level":30,"time":1788370320020,"pid":13744,"hostname":"SHAMEEM","msg":"Running Contest Finalization Job..."}
{"level":30,"time":1788370320055,"pid":13744,"hostname":"SHAMEEM","msg":"Contest Finalization Job Completed."}
{"level":30,"time":1788370380013,"pid":13744,"hostname":"SHAMEEM","msg":"Running Contest Finalization Job..."}
{"level":30,"time":1788370380050,"pid":13744,"hostname":"SHAMEEM","msg":"Contest Finalization Job Completed."}
{"level":30,"time":1788370440008,"pid":13744,"hostname":"SHAMEEM","msg":"Running Contest Finalization Job..."}
{"level":30,"time":1788370440198,"pid":13744,"hostname":"SHAMEEM","msg":"Contest Finalization Job Completed."}
{"level":30,"time":1788370500017,"pid":13744,"hostname":"SHAMEEM","msg":"Running Contest Finalization Job..."}
{"level":30,"time":1788370500372,"pid":13744,"hostname":"SHAMEEM","msg":"Contest Finalization Job Completed."}
{"level":30,"time":1788370560005,"pid":13744,"hostname":"SHAMEEM","msg":"Running Contest Finalization Job..."}
{"level":30,"time":1788370560239,"pid":13744,"hostname":"SHAMEEM","msg":"Contest Finalization Job Completed."}
{"level":30,"time":1788370620015,"pid":13744,"hostname":"SHAMEEM","msg":"Running Contest Finalization Job..."}
{"level":30,"time":1788370620324,"pid":13744,"hostname":"SHAMEEM","msg":"Contest Finalization Job Completed."}
{"level":30,"time":1788370680010,"pid":13744,"hostname":"SHAMEEM","msg":"Running Contest Finalization Job..."}
{"level":30,"time":1788370680151,"pid":13744,"hostname":"SHAMEEM","msg":"Contest Finalization Job Completed."}
{"level":30,"time":1788370740008,"pid":13744,"hostname":"SHAMEEM","msg":"Running Contest Finalization Job..."}
{"level":30,"time":1788370740051,"pid":13744,"hostname":"SHAMEEM","msg":"Contest Finalization Job Completed."}
{"level":30,"time":1788370800016,"pid":13744,"hostname":"SHAMEEM","msg":"Running Contest Finalization Job..."}
{"level":30,"time":1788370800063,"pid":13744,"hostname":"SHAMEEM","msg":"Contest Finalization Job Completed."}
{"level":30,"time":1788370860010,"pid":13744,"hostname":"SHAMEEM","msg":"Running Contest Finalization Job..."}
{"level":30,"time":1788370860064,"pid":13744,"hostname":"SHAMEEM","msg":"Contest Finalization Job Completed."}
{"level":30,"time":1788370920004,"pid":13744,"hostname":"SHAMEEM","msg":"Running Contest Finalization Job..."}
{"level":30,"time":1788370920040,"pid":13744,"hostname":"SHAMEEM","msg":"Contest Finalization Job Completed."}
{"level":30,"time":1788370980004,"pid":13744,"hostname":"SHAMEEM","msg":"Running Contest Finalization Job..."}
{"level":30,"time":1788370980202,"pid":13744,"hostname":"SHAMEEM","msg":"Contest Finalization Job Completed."}
{"level":30,"time":1788371040007,"pid":13744,"hostname":"SHAMEEM","msg":"Running Contest Finalization Job..."}
{"level":30,"time":1788371040042,"pid":13744,"hostname":"SHAMEEM","msg":"Contest Finalization Job Completed."}
{"level":30,"time":1788371100016,"pid":13744,"hostname":"SHAMEEM","msg":"Running Contest Finalization Job..."}
{"level":30,"time":1788371100056,"pid":13744,"hostname":"SHAMEEM","msg":"Contest Finalization Job Completed."}
{"level":30,"time":1788371160004,"pid":13744,"hostname":"SHAMEEM","msg":"Running Contest Finalization Job..."}
{"level":30,"time":1788371160106,"pid":13744,"hostname":"SHAMEEM","msg":"Contest Finalization Job Completed."}
{"level":30,"time":1788371220018,"pid":13744,"hostname":"SHAMEEM","msg":"Running Contest Finalization Job..."}
{"level":30,"time":1788371220052,"pid":13744,"hostname":"SHAMEEM","msg":"Contest Finalization Job Completed."}
{"level":50,"time":1788371231272,"pid":13744,"hostname":"SHAMEEM","req":{"id":1,"method":"GET","url":"/api/v1/auth/me","query":{},"params":{},"headers":{"host":"localhost:4000","connection":"keep-alive","sec-ch-ua-platform":"\"Windows\"","user-agent":"Mozilla/5.0 (Windows NT 10.0; Win64; x64) AppleWebKit/537.36 (KHTML, like Gecko) Chrome/152.0.0.0 Safari/537.36","accept":"application/json, text/plain, */*","sec-ch-ua":"\"Chromium\";v=\"152\", \"Not?A_Brand\";v=\"24\", \"Google Chrome\";v=\"152\"","sec-ch-ua-mobile":"?0","origin":"http://localhost:5173","sec-fetch-site":"same-site","sec-fetch-mode":"cors","sec-fetch-dest":"empty","referer":"http://localhost:5173/","accept-encoding":"gzip, deflate, br, zstd","accept-language":"en-US,en;q=0.9","cookie":"childSession=fd57abb7d9225c04f31f0f9a48755964470070d4ed9823848c9eff13de00eb62; refreshToken=eyJhbGciOiJIUzI1NiIsInR5cCI6IkpXVCJ9.eyJpZCI6IjZhOGM3MzM4YTE2ZDM4N2ExZTFhZDAzOCIsInJvbGUiOiJQQVJFTlQiLCJpYXQiOjE3ODgwMDMzNTUsImV4cCI6MjM5MjgwMzM1NX0.R8GVPdUW3Zlpw26BYhu32g3wr7t3ofDtBP3Lvgz_dIY; rzp_unified_session_id=TXFjMIHp4YTbRs","if-none-match":"W/\"105-tmkdoa49fZttkhbd5+boHToNOHk\""},"remoteAddress":"::1","remotePort":63264},"message":"Unauthorized access","stack":"AppError: Unauthorized access\n    at D:\\brototype\\CodeCrushGame\\backEnd\\dist\\Presentation\\Middlewares\\AuthMiddleware.js:15:25\n    at Layer.handleRequest (D:\\brototype\\CodeCrushGame\\backEnd\\node_modules\\router\\lib\\layer.js:152:17)\n    at next (D:\\brototype\\CodeCrushGame\\backEnd\\node_modules\\router\\lib\\route.js:157:13)\n    at Route.dispatch (D:\\brototype\\CodeCrushGame\\backEnd\\node_modules\\router\\lib\\route.js:117:3)\n    at handle (D:\\brototype\\CodeCrushGame\\backEnd\\node_modules\\router\\index.js:435:11)\n    at Layer.handleRequest (D:\\brototype\\CodeCrushGame\\backEnd\\node_modules\\router\\lib\\layer.js:152:17)\n    at D:\\brototype\\CodeCrushGame\\backEnd\\node_modules\\router\\index.js:295:15\n    at processParams (D:\\brototype\\CodeCrushGame\\backEnd\\node_modules\\router\\index.js:582:12)\n    at next (D:\\brototype\\CodeCrushGame\\backEnd\\node_modules\\router\\index.js:291:5)\n    at Function.handle (D:\\brototype\\CodeCrushGame\\backEnd\\node_modules\\router\\index.js:186:3)\n    at router (D:\\brototype\\CodeCrushGame\\backEnd\\node_modules\\router\\index.js:60:12)\n    at Layer.handleRequest (D:\\brototype\\CodeCrushGame\\backEnd\\node_modules\\router\\lib\\layer.js:152:17)\n    at trimPrefix (D:\\brototype\\CodeCrushGame\\backEnd\\node_modules\\router\\index.js:342:13)\n    at D:\\brototype\\CodeCrushGame\\backEnd\\node_modules\\router\\index.js:297:9\n    at processParams (D:\\brototype\\CodeCrushGame\\backEnd\\node_modules\\router\\index.js:582:12)\n    at next (D:\\brototype\\CodeCrushGame\\backEnd\\node_modules\\router\\index.js:291:5)","name":"AppError","msg":"From error handler"}
{"level":50,"time":1788371231273,"pid":13744,"hostname":"SHAMEEM","req":{"id":1,"method":"GET","url":"/api/v1/auth/me","query":{},"params":{},"headers":{"host":"localhost:4000","connection":"keep-alive","sec-ch-ua-platform":"\"Windows\"","user-agent":"Mozilla/5.0 (Windows NT 10.0; Win64; x64) AppleWebKit/537.36 (KHTML, like Gecko) Chrome/152.0.0.0 Safari/537.36","accept":"application/json, text/plain, */*","sec-ch-ua":"\"Chromium\";v=\"152\", \"Not?A_Brand\";v=\"24\", \"Google Chrome\";v=\"152\"","sec-ch-ua-mobile":"?0","origin":"http://localhost:5173","sec-fetch-site":"same-site","sec-fetch-mode":"cors","sec-fetch-dest":"empty","referer":"http://localhost:5173/","accept-encoding":"gzip, deflate, br, zstd","accept-language":"en-US,en;q=0.9","cookie":"childSession=fd57abb7d9225c04f31f0f9a48755964470070d4ed9823848c9eff13de00eb62; refreshToken=eyJhbGciOiJIUzI1NiIsInR5cCI6IkpXVCJ9.eyJpZCI6IjZhOGM3MzM4YTE2ZDM4N2ExZTFhZDAzOCIsInJvbGUiOiJQQVJFTlQiLCJpYXQiOjE3ODgwMDMzNTUsImV4cCI6MjM5MjgwMzM1NX0.R8GVPdUW3Zlpw26BYhu32g3wr7t3ofDtBP3Lvgz_dIY; rzp_unified_session_id=TXFjMIHp4YTbRs","if-none-match":"W/\"105-tmkdoa49fZttkhbd5+boHToNOHk\""},"remoteAddress":"::1","remotePort":63264},"error":"Unauthorized access","msg":"AppError"}
{"level":30,"time":1788371231311,"pid":13744,"hostname":"SHAMEEM","req":{"id":1,"method":"GET","url":"/api/v1/auth/me","query":{},"params":{},"headers":{"host":"localhost:4000","connection":"keep-alive","sec-ch-ua-platform":"\"Windows\"","user-agent":"Mozilla/5.0 (Windows NT 10.0; Win64; x64) AppleWebKit/537.36 (KHTML, like Gecko) Chrome/152.0.0.0 Safari/537.36","accept":"application/json, text/plain, */*","sec-ch-ua":"\"Chromium\";v=\"152\", \"Not?A_Brand\";v=\"24\", \"Google Chrome\";v=\"152\"","sec-ch-ua-mobile":"?0","origin":"http://localhost:5173","sec-fetch-site":"same-site","sec-fetch-mode":"cors","sec-fetch-dest":"empty","referer":"http://localhost:5173/","accept-encoding":"gzip, deflate, br, zstd","accept-language":"en-US,en;q=0.9","cookie":"childSession=fd57abb7d9225c04f31f0f9a48755964470070d4ed9823848c9eff13de00eb62; refreshToken=eyJhbGciOiJIUzI1NiIsInR5cCI6IkpXVCJ9.eyJpZCI6IjZhOGM3MzM4YTE2ZDM4N2ExZTFhZDAzOCIsInJvbGUiOiJQQVJFTlQiLCJpYXQiOjE3ODgwMDMzNTUsImV4cCI6MjM5MjgwMzM1NX0.R8GVPdUW3Zlpw26BYhu32g3wr7t3ofDtBP3Lvgz_dIY; rzp_unified_session_id=TXFjMIHp4YTbRs","if-none-match":"W/\"105-tmkdoa49fZttkhbd5+boHToNOHk\""},"remoteAddress":"::1","remotePort":63264},"res":{"statusCode":401,"headers":{"x-powered-by":"Express","access-control-allow-origin":"http://localhost:5173","vary":"Origin","access-control-allow-credentials":"true","content-type":"application/json; charset=utf-8","content-length":"49","etag":"W/\"31-hDaoKFLozfBWajl18riTKbP9NtE\""}},"responseTime":71,"msg":"request completed"}
{"level":30,"time":1788371231376,"pid":13744,"hostname":"SHAMEEM","role":"PARENT","id":"6a8c7338a16d387a1e1ad038","msg":" From refresh token"}
{"level":50,"time":1788371231415,"pid":13744,"hostname":"SHAMEEM","req":{"id":2,"method":"GET","url":"/api/v1/auth/me","query":{},"params":{},"headers":{"host":"localhost:4000","connection":"keep-alive","sec-ch-ua-platform":"\"Windows\"","user-agent":"Mozilla/5.0 (Windows NT 10.0; Win64; x64) AppleWebKit/537.36 (KHTML, like Gecko) Chrome/152.0.0.0 Safari/537.36","accept":"application/json, text/plain, */*","sec-ch-ua":"\"Chromium\";v=\"152\", \"Not?A_Brand\";v=\"24\", \"Google Chrome\";v=\"152\"","sec-ch-ua-mobile":"?0","origin":"http://localhost:5173","sec-fetch-site":"same-site","sec-fetch-mode":"cors","sec-fetch-dest":"empty","referer":"http://localhost:5173/","accept-encoding":"gzip, deflate, br, zstd","accept-language":"en-US,en;q=0.9","cookie":"childSession=fd57abb7d9225c04f31f0f9a48755964470070d4ed9823848c9eff13de00eb62; refreshToken=eyJhbGciOiJIUzI1NiIsInR5cCI6IkpXVCJ9.eyJpZCI6IjZhOGM3MzM4YTE2ZDM4N2ExZTFhZDAzOCIsInJvbGUiOiJQQVJFTlQiLCJpYXQiOjE3ODgwMDMzNTUsImV4cCI6MjM5MjgwMzM1NX0.R8GVPdUW3Zlpw26BYhu32g3wr7t3ofDtBP3Lvgz_dIY; rzp_unified_session_id=TXFjMIHp4YTbRs","if-none-match":"W/\"105-tmkdoa49fZttkhbd5+boHToNOHk\""},"remoteAddress":"::1","remotePort":63264},"message":"Unauthorized access","stack":"AppError: Unauthorized access\n    at D:\\brototype\\CodeCrushGame\\backEnd\\dist\\Presentation\\Middlewares\\AuthMiddleware.js:15:25\n    at Layer.handleRequest (D:\\brototype\\CodeCrushGame\\backEnd\\node_modules\\router\\lib\\layer.js:152:17)\n    at next (D:\\brototype\\CodeCrushGame\\backEnd\\node_modules\\router\\lib\\route.js:157:13)\n    at Route.dispatch (D:\\brototype\\CodeCrushGame\\backEnd\\node_modules\\router\\lib\\route.js:117:3)\n    at handle (D:\\brototype\\CodeCrushGame\\backEnd\\node_modules\\router\\index.js:435:11)\n    at Layer.handleRequest (D:\\brototype\\CodeCrushGame\\backEnd\\node_modules\\router\\lib\\layer.js:152:17)\n    at D:\\brototype\\CodeCrushGame\\backEnd\\node_modules\\router\\index.js:295:15\n    at processParams (D:\\brototype\\CodeCrushGame\\backEnd\\node_modules\\router\\index.js:582:12)\n    at next (D:\\brototype\\CodeCrushGame\\backEnd\\node_modules\\router\\index.js:291:5)\n    at Function.handle (D:\\brototype\\CodeCrushGame\\backEnd\\node_modules\\router\\index.js:186:3)\n    at router (D:\\brototype\\CodeCrushGame\\backEnd\\node_modules\\router\\index.js:60:12)\n    at Layer.handleRequest (D:\\brototype\\CodeCrushGame\\backEnd\\node_modules\\router\\lib\\layer.js:152:17)\n    at trimPrefix (D:\\brototype\\CodeCrushGame\\backEnd\\node_modules\\router\\index.js:342:13)\n    at D:\\brototype\\CodeCrushGame\\backEnd\\node_modules\\router\\index.js:297:9\n    at processParams (D:\\brototype\\CodeCrushGame\\backEnd\\node_modules\\router\\index.js:582:12)\n    at next (D:\\brototype\\CodeCrushGame\\backEnd\\node_modules\\router\\index.js:291:5)","name":"AppError","msg":"From error handler"}
{"level":50,"time":1788371231415,"pid":13744,"hostname":"SHAMEEM","req":{"id":2,"method":"GET","url":"/api/v1/auth/me","query":{},"params":{},"headers":{"host":"localhost:4000","connection":"keep-alive","sec-ch-ua-platform":"\"Windows\"","user-agent":"Mozilla/5.0 (Windows NT 10.0; Win64; x64) AppleWebKit/537.36 (KHTML, like Gecko) Chrome/152.0.0.0 Safari/537.36","accept":"application/json, text/plain, */*","sec-ch-ua":"\"Chromium\";v=\"152\", \"Not?A_Brand\";v=\"24\", \"Google Chrome\";v=\"152\"","sec-ch-ua-mobile":"?0","origin":"http://localhost:5173","sec-fetch-site":"same-site","sec-fetch-mode":"cors","sec-fetch-dest":"empty","referer":"http://localhost:5173/","accept-encoding":"gzip, deflate, br, zstd","accept-language":"en-US,en;q=0.9","cookie":"childSession=fd57abb7d9225c04f31f0f9a48755964470070d4ed9823848c9eff13de00eb62; refreshToken=eyJhbGciOiJIUzI1NiIsInR5cCI6IkpXVCJ9.eyJpZCI6IjZhOGM3MzM4YTE2ZDM4N2ExZTFhZDAzOCIsInJvbGUiOiJQQVJFTlQiLCJpYXQiOjE3ODgwMDMzNTUsImV4cCI6MjM5MjgwMzM1NX0.R8GVPdUW3Zlpw26BYhu32g3wr7t3ofDtBP3Lvgz_dIY; rzp_unified_session_id=TXFjMIHp4YTbRs","if-none-match":"W/\"105-tmkdoa49fZttkhbd5+boHToNOHk\""},"remoteAddress":"::1","remotePort":63264},"error":"Unauthorized access","msg":"AppError"}
{"level":30,"time":1788371231417,"pid":13744,"hostname":"SHAMEEM","req":{"id":2,"method":"GET","url":"/api/v1/auth/me","query":{},"params":{},"headers":{"host":"localhost:4000","connection":"keep-alive","sec-ch-ua-platform":"\"Windows\"","user-agent":"Mozilla/5.0 (Windows NT 10.0; Win64; x64) AppleWebKit/537.36 (KHTML, like Gecko) Chrome/152.0.0.0 Safari/537.36","accept":"application/json, text/plain, */*","sec-ch-ua":"\"Chromium\";v=\"152\", \"Not?A_Brand\";v=\"24\", \"Google Chrome\";v=\"152\"","sec-ch-ua-mobile":"?0","origin":"http://localhost:5173","sec-fetch-site":"same-site","sec-fetch-mode":"cors","sec-fetch-dest":"empty","referer":"http://localhost:5173/","accept-encoding":"gzip, deflate, br, zstd","accept-language":"en-US,en;q=0.9","cookie":"childSession=fd57abb7d9225c04f31f0f9a48755964470070d4ed9823848c9eff13de00eb62; refreshToken=eyJhbGciOiJIUzI1NiIsInR5cCI6IkpXVCJ9.eyJpZCI6IjZhOGM3MzM4YTE2ZDM4N2ExZTFhZDAzOCIsInJvbGUiOiJQQVJFTlQiLCJpYXQiOjE3ODgwMDMzNTUsImV4cCI6MjM5MjgwMzM1NX0.R8GVPdUW3Zlpw26BYhu32g3wr7t3ofDtBP3Lvgz_dIY; rzp_unified_session_id=TXFjMIHp4YTbRs","if-none-match":"W/\"105-tmkdoa49fZttkhbd5+boHToNOHk\""},"remoteAddress":"::1","remotePort":63264},"res":{"statusCode":401,"headers":{"x-powered-by":"Express","access-control-allow-origin":"http://localhost:5173","vary":"Origin","access-control-allow-credentials":"true","content-type":"application/json; charset=utf-8","content-length":"49","etag":"W/\"31-hDaoKFLozfBWajl18riTKbP9NtE\""}},"responseTime":97,"msg":"request completed"}
{"level":30,"time":1788371231690,"pid":13744,"hostname":"SHAMEEM","req":{"id":3,"method":"POST","url":"/api/v1/auth/refresh","query":{},"params":{},"headers":{"host":"localhost:4000","connection":"keep-alive","content-length":"0","sec-ch-ua-platform":"\"Windows\"","user-agent":"Mozilla/5.0 (Windows NT 10.0; Win64; x64) AppleWebKit/537.36 (KHTML, like Gecko) Chrome/152.0.0.0 Safari/537.36","accept":"application/json, text/plain, */*","sec-ch-ua":"\"Chromium\";v=\"152\", \"Not?A_Brand\";v=\"24\", \"Google Chrome\";v=\"152\"","sec-ch-ua-mobile":"?0","origin":"http://localhost:5173","sec-fetch-site":"same-site","sec-fetch-mode":"cors","sec-fetch-dest":"empty","referer":"http://localhost:5173/","accept-encoding":"gzip, deflate, br, zstd","accept-language":"en-US,en;q=0.9","cookie":"childSession=fd57abb7d9225c04f31f0f9a48755964470070d4ed9823848c9eff13de00eb62; refreshToken=eyJhbGciOiJIUzI1NiIsInR5cCI6IkpXVCJ9.eyJpZCI6IjZhOGM3MzM4YTE2ZDM4N2ExZTFhZDAzOCIsInJvbGUiOiJQQVJFTlQiLCJpYXQiOjE3ODgwMDMzNTUsImV4cCI6MjM5MjgwMzM1NX0.R8GVPdUW3Zlpw26BYhu32g3wr7t3ofDtBP3Lvgz_dIY; rzp_unified_session_id=TXFjMIHp4YTbRs"},"remoteAddress":"::1","remotePort":60022},"res":{"statusCode":200,"headers":{"x-powered-by":"Express","access-control-allow-origin":"http://localhost:5173","vary":"Origin","access-control-allow-credentials":"true","set-cookie":["refreshToken=eyJhbGciOiJIUzI1NiIsInR5cCI6IkpXVCJ9.eyJpZCI6IjZhOGM3MzM4YTE2ZDM4N2ExZTFhZDAzOCIsInJvbGUiOiJQQVJFTlQiLCJpYXQiOjE3ODgzNzEyMzEsImV4cCI6MjM5MzE3MTIzMX0.alVLHyxwyHjVkEiFovrC7yQwG3Xn2EcMQ0obqKCuivY; Max-Age=604800; Path=/; Expires=Wed, 09 Sep 2026 17:47:11 GMT; HttpOnly; SameSite=Lax","accessToken=eyJhbGciOiJIUzI1NiIsInR5cCI6IkpXVCJ9.eyJpZCI6IjZhOGM3MzM4YTE2ZDM4N2ExZTFhZDAzOCIsImVtYWlsIjoicmFqdUB5b3BtYWlsLmNvbSIsInJvbGUiOiJQQVJFTlQiLCJpYXQiOjE3ODgzNzEyMzEsImV4cCI6MTc4OTI3MTIzMX0.5NQkKucbNkovmdKdZT229y6LV3HnGyObqv4UbhuEoZw; Max-Age=900; Path=/; Expires=Wed, 02 Sep 2026 18:02:11 GMT; HttpOnly; SameSite=Lax"],"content-type":"application/json; charset=utf-8","content-length":"57","etag":"W/\"39-F2i9MjfDjeQdWqPeTWxb3LtzkME\""}},"responseTime":359,"msg":"request completed"}
{"level":30,"time":1788371231742,"pid":13744,"hostname":"SHAMEEM","req":{"id":4,"method":"GET","url":"/api/v1/auth/me","query":{},"params":{},"headers":{"host":"localhost:4000","connection":"keep-alive","sec-ch-ua-platform":"\"Windows\"","user-agent":"Mozilla/5.0 (Windows NT 10.0; Win64; x64) AppleWebKit/537.36 (KHTML, like Gecko) Chrome/152.0.0.0 Safari/537.36","accept":"application/json, text/plain, */*","sec-ch-ua":"\"Chromium\";v=\"152\", \"Not?A_Brand\";v=\"24\", \"Google Chrome\";v=\"152\"","sec-ch-ua-mobile":"?0","origin":"http://localhost:5173","sec-fetch-site":"same-site","sec-fetch-mode":"cors","sec-fetch-dest":"empty","referer":"http://localhost:5173/","accept-encoding":"gzip, deflate, br, zstd","accept-language":"en-US,en;q=0.9","cookie":"childSession=fd57abb7d9225c04f31f0f9a48755964470070d4ed9823848c9eff13de00eb62; rzp_unified_session_id=TXFjMIHp4YTbRs; refreshToken=eyJhbGciOiJIUzI1NiIsInR5cCI6IkpXVCJ9.eyJpZCI6IjZhOGM3MzM4YTE2ZDM4N2ExZTFhZDAzOCIsInJvbGUiOiJQQVJFTlQiLCJpYXQiOjE3ODgzNzEyMzEsImV4cCI6MjM5MzE3MTIzMX0.alVLHyxwyHjVkEiFovrC7yQwG3Xn2EcMQ0obqKCuivY; accessToken=eyJhbGciOiJIUzI1NiIsInR5cCI6IkpXVCJ9.eyJpZCI6IjZhOGM3MzM4YTE2ZDM4N2ExZTFhZDAzOCIsImVtYWlsIjoicmFqdUB5b3BtYWlsLmNvbSIsInJvbGUiOiJQQVJFTlQiLCJpYXQiOjE3ODgzNzEyMzEsImV4cCI6MTc4OTI3MTIzMX0.5NQkKucbNkovmdKdZT229y6LV3HnGyObqv4UbhuEoZw","if-none-match":"W/\"105-tmkdoa49fZttkhbd5+boHToNOHk\""},"remoteAddress":"::1","remotePort":60022},"res":{"statusCode":200,"headers":{"x-powered-by":"Express","access-control-allow-origin":"http://localhost:5173","vary":"Origin","access-control-allow-credentials":"true","content-type":"application/json; charset=utf-8","content-length":"261","etag":"W/\"105-OYAwC6NymtOFNu7jdH813f4dsaI\""}},"responseTime":45,"msg":"request completed"}
{"level":30,"time":1788371231788,"pid":13744,"hostname":"SHAMEEM","req":{"id":5,"method":"GET","url":"/api/v1/auth/me","query":{},"params":{},"headers":{"host":"localhost:4000","connection":"keep-alive","sec-ch-ua-platform":"\"Windows\"","user-agent":"Mozilla/5.0 (Windows NT 10.0; Win64; x64) AppleWebKit/537.36 (KHTML, like Gecko) Chrome/152.0.0.0 Safari/537.36","accept":"application/json, text/plain, */*","sec-ch-ua":"\"Chromium\";v=\"152\", \"Not?A_Brand\";v=\"24\", \"Google Chrome\";v=\"152\"","sec-ch-ua-mobile":"?0","origin":"http://localhost:5173","sec-fetch-site":"same-site","sec-fetch-mode":"cors","sec-fetch-dest":"empty","referer":"http://localhost:5173/","accept-encoding":"gzip, deflate, br, zstd","accept-language":"en-US,en;q=0.9","cookie":"childSession=fd57abb7d9225c04f31f0f9a48755964470070d4ed9823848c9eff13de00eb62; rzp_unified_session_id=TXFjMIHp4YTbRs; refreshToken=eyJhbGciOiJIUzI1NiIsInR5cCI6IkpXVCJ9.eyJpZCI6IjZhOGM3MzM4YTE2ZDM4N2ExZTFhZDAzOCIsInJvbGUiOiJQQVJFTlQiLCJpYXQiOjE3ODgzNzEyMzEsImV4cCI6MjM5MzE3MTIzMX0.alVLHyxwyHjVkEiFovrC7yQwG3Xn2EcMQ0obqKCuivY; accessToken=eyJhbGciOiJIUzI1NiIsInR5cCI6IkpXVCJ9.eyJpZCI6IjZhOGM3MzM4YTE2ZDM4N2ExZTFhZDAzOCIsImVtYWlsIjoicmFqdUB5b3BtYWlsLmNvbSIsInJvbGUiOiJQQVJFTlQiLCJpYXQiOjE3ODgzNzEyMzEsImV4cCI6MTc4OTI3MTIzMX0.5NQkKucbNkovmdKdZT229y6LV3HnGyObqv4UbhuEoZw","if-none-match":"W/\"105-OYAwC6NymtOFNu7jdH813f4dsaI\""},"remoteAddress":"::1","remotePort":60022},"res":{"statusCode":304,"headers":{"x-powered-by":"Express","access-control-allow-origin":"http://localhost:5173","vary":"Origin","access-control-allow-credentials":"true","etag":"W/\"105-OYAwC6NymtOFNu7jdH813f4dsaI\""}},"responseTime":43,"msg":"request completed"}
{"level":30,"time":1788371231927,"pid":13744,"hostname":"SHAMEEM","req":{"id":6,"method":"GET","url":"/api/v1/auth/parent/children","query":{},"params":{},"headers":{"host":"localhost:4000","connection":"keep-alive","sec-ch-ua-platform":"\"Windows\"","user-agent":"Mozilla/5.0 (Windows NT 10.0; Win64; x64) AppleWebKit/537.36 (KHTML, like Gecko) Chrome/152.0.0.0 Safari/537.36","accept":"application/json, text/plain, */*","sec-ch-ua":"\"Chromium\";v=\"152\", \"Not?A_Brand\";v=\"24\", \"Google Chrome\";v=\"152\"","sec-ch-ua-mobile":"?0","origin":"http://localhost:5173","sec-fetch-site":"same-site","sec-fetch-mode":"cors","sec-fetch-dest":"empty","referer":"http://localhost:5173/","accept-encoding":"gzip, deflate, br, zstd","accept-language":"en-US,en;q=0.9","cookie":"childSession=fd57abb7d9225c04f31f0f9a48755964470070d4ed9823848c9eff13de00eb62; rzp_unified_session_id=TXFjMIHp4YTbRs; refreshToken=eyJhbGciOiJIUzI1NiIsInR5cCI6IkpXVCJ9.eyJpZCI6IjZhOGM3MzM4YTE2ZDM4N2ExZTFhZDAzOCIsInJvbGUiOiJQQVJFTlQiLCJpYXQiOjE3ODgzNzEyMzEsImV4cCI6MjM5MzE3MTIzMX0.alVLHyxwyHjVkEiFovrC7yQwG3Xn2EcMQ0obqKCuivY; accessToken=eyJhbGciOiJIUzI1NiIsInR5cCI6IkpXVCJ9.eyJpZCI6IjZhOGM3MzM4YTE2ZDM4N2ExZTFhZDAzOCIsImVtYWlsIjoicmFqdUB5b3BtYWlsLmNvbSIsInJvbGUiOiJQQVJFTlQiLCJpYXQiOjE3ODgzNzEyMzEsImV4cCI6MTc4OTI3MTIzMX0.5NQkKucbNkovmdKdZT229y6LV3HnGyObqv4UbhuEoZw","if-none-match":"W/\"d4-478VVBx3cXN4L1aYMQ5PiXptfVQ\""},"remoteAddress":"::1","remotePort":60022},"res":{"statusCode":304,"headers":{"x-powered-by":"Express","access-control-allow-origin":"http://localhost:5173","vary":"Origin","access-control-allow-credentials":"true","etag":"W/\"d4-478VVBx3cXN4L1aYMQ5PiXptfVQ\""}},"responseTime":67,"msg":"request completed"}
{"level":30,"time":1788371231972,"pid":13744,"hostname":"SHAMEEM","req":{"id":7,"method":"GET","url":"/api/v1/auth/parent/children","query":{},"params":{},"headers":{"host":"localhost:4000","connection":"keep-alive","sec-ch-ua-platform":"\"Windows\"","user-agent":"Mozilla/5.0 (Windows NT 10.0; Win64; x64) AppleWebKit/537.36 (KHTML, like Gecko) Chrome/152.0.0.0 Safari/537.36","accept":"application/json, text/plain, */*","sec-ch-ua":"\"Chromium\";v=\"152\", \"Not?A_Brand\";v=\"24\", \"Google Chrome\";v=\"152\"","sec-ch-ua-mobile":"?0","origin":"http://localhost:5173","sec-fetch-site":"same-site","sec-fetch-mode":"cors","sec-fetch-dest":"empty","referer":"http://localhost:5173/","accept-encoding":"gzip, deflate, br, zstd","accept-language":"en-US,en;q=0.9","cookie":"childSession=fd57abb7d9225c04f31f0f9a48755964470070d4ed9823848c9eff13de00eb62; rzp_unified_session_id=TXFjMIHp4YTbRs; refreshToken=eyJhbGciOiJIUzI1NiIsInR5cCI6IkpXVCJ9.eyJpZCI6IjZhOGM3MzM4YTE2ZDM4N2ExZTFhZDAzOCIsInJvbGUiOiJQQVJFTlQiLCJpYXQiOjE3ODgzNzEyMzEsImV4cCI6MjM5MzE3MTIzMX0.alVLHyxwyHjVkEiFovrC7yQwG3Xn2EcMQ0obqKCuivY; accessToken=eyJhbGciOiJIUzI1NiIsInR5cCI6IkpXVCJ9.eyJpZCI6IjZhOGM3MzM4YTE2ZDM4N2ExZTFhZDAzOCIsImVtYWlsIjoicmFqdUB5b3BtYWlsLmNvbSIsInJvbGUiOiJQQVJFTlQiLCJpYXQiOjE3ODgzNzEyMzEsImV4cCI6MTc4OTI3MTIzMX0.5NQkKucbNkovmdKdZT229y6LV3HnGyObqv4UbhuEoZw","if-none-match":"W/\"d4-478VVBx3cXN4L1aYMQ5PiXptfVQ\""},"remoteAddress":"::1","remotePort":60022},"res":{"statusCode":304,"headers":{"x-powered-by":"Express","access-control-allow-origin":"http://localhost:5173","vary":"Origin","access-control-allow-credentials":"true","etag":"W/\"d4-478VVBx3cXN4L1aYMQ5PiXptfVQ\""}},"responseTime":43,"msg":"request completed"}
{"level":30,"time":1788371243366,"pid":13744,"hostname":"SHAMEEM","req":{"id":8,"method":"POST","url":"/api/v1/auth/logout","query":{},"params":{},"headers":{"host":"localhost:4000","connection":"keep-alive","content-length":"0","sec-ch-ua-platform":"\"Windows\"","user-agent":"Mozilla/5.0 (Windows NT 10.0; Win64; x64) AppleWebKit/537.36 (KHTML, like Gecko) Chrome/152.0.0.0 Safari/537.36","accept":"application/json, text/plain, */*","sec-ch-ua":"\"Chromium\";v=\"152\", \"Not?A_Brand\";v=\"24\", \"Google Chrome\";v=\"152\"","sec-ch-ua-mobile":"?0","origin":"http://localhost:5173","sec-fetch-site":"same-site","sec-fetch-mode":"cors","sec-fetch-dest":"empty","referer":"http://localhost:5173/","accept-encoding":"gzip, deflate, br, zstd","accept-language":"en-US,en;q=0.9","cookie":"childSession=fd57abb7d9225c04f31f0f9a48755964470070d4ed9823848c9eff13de00eb62; rzp_unified_session_id=TXFjMIHp4YTbRs; refreshToken=eyJhbGciOiJIUzI1NiIsInR5cCI6IkpXVCJ9.eyJpZCI6IjZhOGM3MzM4YTE2ZDM4N2ExZTFhZDAzOCIsInJvbGUiOiJQQVJFTlQiLCJpYXQiOjE3ODgzNzEyMzEsImV4cCI6MjM5MzE3MTIzMX0.alVLHyxwyHjVkEiFovrC7yQwG3Xn2EcMQ0obqKCuivY; accessToken=eyJhbGciOiJIUzI1NiIsInR5cCI6IkpXVCJ9.eyJpZCI6IjZhOGM3MzM4YTE2ZDM4N2ExZTFhZDAzOCIsImVtYWlsIjoicmFqdUB5b3BtYWlsLmNvbSIsInJvbGUiOiJQQVJFTlQiLCJpYXQiOjE3ODgzNzEyMzEsImV4cCI6MTc4OTI3MTIzMX0.5NQkKucbNkovmdKdZT229y6LV3HnGyObqv4UbhuEoZw"},"remoteAddress":"::1","remotePort":58074},"res":{"statusCode":204,"headers":{"x-powered-by":"Express","access-control-allow-origin":"http://localhost:5173","vary":"Origin","access-control-allow-credentials":"true","set-cookie":["refreshToken=; Path=/; Expires=Thu, 01 Jan 1970 00:00:00 GMT; HttpOnly; SameSite=Lax","accessToken=; Path=/; Expires=Thu, 01 Jan 1970 00:00:00 GMT; HttpOnly; SameSite=Lax"],"etag":"W/\"a-bAsFyilMr4Ra1hIU5PyoyFRunpI\""}},"responseTime":894,"msg":"request completed"}
{"level":50,"time":1788371248261,"pid":13744,"hostname":"SHAMEEM","req":{"id":9,"method":"GET","url":"/api/v1/auth/me","query":{},"params":{},"headers":{"host":"localhost:4000","connection":"keep-alive","sec-ch-ua-platform":"\"Windows\"","user-agent":"Mozilla/5.0 (Windows NT 10.0; Win64; x64) AppleWebKit/537.36 (KHTML, like Gecko) Chrome/152.0.0.0 Safari/537.36","accept":"application/json, text/plain, */*","sec-ch-ua":"\"Chromium\";v=\"152\", \"Not?A_Brand\";v=\"24\", \"Google Chrome\";v=\"152\"","sec-ch-ua-mobile":"?0","origin":"http://localhost:5173","sec-fetch-site":"same-site","sec-fetch-mode":"cors","sec-fetch-dest":"empty","referer":"http://localhost:5173/","accept-encoding":"gzip, deflate, br, zstd","accept-language":"en-US,en;q=0.9","cookie":"childSession=fd57abb7d9225c04f31f0f9a48755964470070d4ed9823848c9eff13de00eb62; rzp_unified_session_id=TXFjMIHp4YTbRs","if-none-match":"W/\"105-OYAwC6NymtOFNu7jdH813f4dsaI\""},"remoteAddress":"::1","remotePort":58074},"message":"Unauthorized access","stack":"AppError: Unauthorized access\n    at D:\\brototype\\CodeCrushGame\\backEnd\\dist\\Presentation\\Middlewares\\AuthMiddleware.js:15:25\n    at Layer.handleRequest (D:\\brototype\\CodeCrushGame\\backEnd\\node_modules\\router\\lib\\layer.js:152:17)\n    at next (D:\\brototype\\CodeCrushGame\\backEnd\\node_modules\\router\\lib\\route.js:157:13)\n    at Route.dispatch (D:\\brototype\\CodeCrushGame\\backEnd\\node_modules\\router\\lib\\route.js:117:3)\n    at handle (D:\\brototype\\CodeCrushGame\\backEnd\\node_modules\\router\\index.js:435:11)\n    at Layer.handleRequest (D:\\brototype\\CodeCrushGame\\backEnd\\node_modules\\router\\lib\\layer.js:152:17)\n    at D:\\brototype\\CodeCrushGame\\backEnd\\node_modules\\router\\index.js:295:15\n    at processParams (D:\\brototype\\CodeCrushGame\\backEnd\\node_modules\\router\\index.js:582:12)\n    at next (D:\\brototype\\CodeCrushGame\\backEnd\\node_modules\\router\\index.js:291:5)\n    at Function.handle (D:\\brototype\\CodeCrushGame\\backEnd\\node_modules\\router\\index.js:186:3)\n    at router (D:\\brototype\\CodeCrushGame\\backEnd\\node_modules\\router\\index.js:60:12)\n    at Layer.handleRequest (D:\\brototype\\CodeCrushGame\\backEnd\\node_modules\\router\\lib\\layer.js:152:17)\n    at trimPrefix (D:\\brototype\\CodeCrushGame\\backEnd\\node_modules\\router\\index.js:342:13)\n    at D:\\brototype\\CodeCrushGame\\backEnd\\node_modules\\router\\index.js:297:9\n    at processParams (D:\\brototype\\CodeCrushGame\\backEnd\\node_modules\\router\\index.js:582:12)\n    at next (D:\\brototype\\CodeCrushGame\\backEnd\\node_modules\\router\\index.js:291:5)","name":"AppError","msg":"From error handler"}
{"level":50,"time":1788371248262,"pid":13744,"hostname":"SHAMEEM","req":{"id":9,"method":"GET","url":"/api/v1/auth/me","query":{},"params":{},"headers":{"host":"localhost:4000","connection":"keep-alive","sec-ch-ua-platform":"\"Windows\"","user-agent":"Mozilla/5.0 (Windows NT 10.0; Win64; x64) AppleWebKit/537.36 (KHTML, like Gecko) Chrome/152.0.0.0 Safari/537.36","accept":"application/json, text/plain, */*","sec-ch-ua":"\"Chromium\";v=\"152\", \"Not?A_Brand\";v=\"24\", \"Google Chrome\";v=\"152\"","sec-ch-ua-mobile":"?0","origin":"http://localhost:5173","sec-fetch-site":"same-site","sec-fetch-mode":"cors","sec-fetch-dest":"empty","referer":"http://localhost:5173/","accept-encoding":"gzip, deflate, br, zstd","accept-language":"en-US,en;q=0.9","cookie":"childSession=fd57abb7d9225c04f31f0f9a48755964470070d4ed9823848c9eff13de00eb62; rzp_unified_session_id=TXFjMIHp4YTbRs","if-none-match":"W/\"105-OYAwC6NymtOFNu7jdH813f4dsaI\""},"remoteAddress":"::1","remotePort":58074},"error":"Unauthorized access","msg":"AppError"}
{"level":30,"time":1788371248264,"pid":13744,"hostname":"SHAMEEM","req":{"id":9,"method":"GET","url":"/api/v1/auth/me","query":{},"params":{},"headers":{"host":"localhost:4000","connection":"keep-alive","sec-ch-ua-platform":"\"Windows\"","user-agent":"Mozilla/5.0 (Windows NT 10.0; Win64; x64) AppleWebKit/537.36 (KHTML, like Gecko) Chrome/152.0.0.0 Safari/537.36","accept":"application/json, text/plain, */*","sec-ch-ua":"\"Chromium\";v=\"152\", \"Not?A_Brand\";v=\"24\", \"Google Chrome\";v=\"152\"","sec-ch-ua-mobile":"?0","origin":"http://localhost:5173","sec-fetch-site":"same-site","sec-fetch-mode":"cors","sec-fetch-dest":"empty","referer":"http://localhost:5173/","accept-encoding":"gzip, deflate, br, zstd","accept-language":"en-US,en;q=0.9","cookie":"childSession=fd57abb7d9225c04f31f0f9a48755964470070d4ed9823848c9eff13de00eb62; rzp_unified_session_id=TXFjMIHp4YTbRs","if-none-match":"W/\"105-OYAwC6NymtOFNu7jdH813f4dsaI\""},"remoteAddress":"::1","remotePort":58074},"res":{"statusCode":401,"headers":{"x-powered-by":"Express","access-control-allow-origin":"http://localhost:5173","vary":"Origin","access-control-allow-credentials":"true","content-type":"application/json; charset=utf-8","content-length":"49","etag":"W/\"31-hDaoKFLozfBWajl18riTKbP9NtE\""}},"responseTime":5,"msg":"request completed"}
{"level":50,"time":1788371248267,"pid":13744,"hostname":"SHAMEEM","req":{"id":10,"method":"GET","url":"/api/v1/auth/me","query":{},"params":{},"headers":{"host":"localhost:4000","connection":"keep-alive","sec-ch-ua-platform":"\"Windows\"","user-agent":"Mozilla/5.0 (Windows NT 10.0; Win64; x64) AppleWebKit/537.36 (KHTML, like Gecko) Chrome/152.0.0.0 Safari/537.36","accept":"application/json, text/plain, */*","sec-ch-ua":"\"Chromium\";v=\"152\", \"Not?A_Brand\";v=\"24\", \"Google Chrome\";v=\"152\"","sec-ch-ua-mobile":"?0","origin":"http://localhost:5173","sec-fetch-site":"same-site","sec-fetch-mode":"cors","sec-fetch-dest":"empty","referer":"http://localhost:5173/","accept-encoding":"gzip, deflate, br, zstd","accept-language":"en-US,en;q=0.9","cookie":"childSession=fd57abb7d9225c04f31f0f9a48755964470070d4ed9823848c9eff13de00eb62; rzp_unified_session_id=TXFjMIHp4YTbRs","if-none-match":"W/\"105-OYAwC6NymtOFNu7jdH813f4dsaI\""},"remoteAddress":"::1","remotePort":58074},"message":"Unauthorized access","stack":"AppError: Unauthorized access\n    at D:\\brototype\\CodeCrushGame\\backEnd\\dist\\Presentation\\Middlewares\\AuthMiddleware.js:15:25\n    at Layer.handleRequest (D:\\brototype\\CodeCrushGame\\backEnd\\node_modules\\router\\lib\\layer.js:152:17)\n    at next (D:\\brototype\\CodeCrushGame\\backEnd\\node_modules\\router\\lib\\route.js:157:13)\n    at Route.dispatch (D:\\brototype\\CodeCrushGame\\backEnd\\node_modules\\router\\lib\\route.js:117:3)\n    at handle (D:\\brototype\\CodeCrushGame\\backEnd\\node_modules\\router\\index.js:435:11)\n    at Layer.handleRequest (D:\\brototype\\CodeCrushGame\\backEnd\\node_modules\\router\\lib\\layer.js:152:17)\n    at D:\\brototype\\CodeCrushGame\\backEnd\\node_modules\\router\\index.js:295:15\n    at processParams (D:\\brototype\\CodeCrushGame\\backEnd\\node_modules\\router\\index.js:582:12)\n    at next (D:\\brototype\\CodeCrushGame\\backEnd\\node_modules\\router\\index.js:291:5)\n    at Function.handle (D:\\brototype\\CodeCrushGame\\backEnd\\node_modules\\router\\index.js:186:3)\n    at router (D:\\brototype\\CodeCrushGame\\backEnd\\node_modules\\router\\index.js:60:12)\n    at Layer.handleRequest (D:\\brototype\\CodeCrushGame\\backEnd\\node_modules\\router\\lib\\layer.js:152:17)\n    at trimPrefix (D:\\brototype\\CodeCrushGame\\backEnd\\node_modules\\router\\index.js:342:13)\n    at D:\\brototype\\CodeCrushGame\\backEnd\\node_modules\\router\\index.js:297:9\n    at processParams (D:\\brototype\\CodeCrushGame\\backEnd\\node_modules\\router\\index.js:582:12)\n    at next (D:\\brototype\\CodeCrushGame\\backEnd\\node_modules\\router\\index.js:291:5)","name":"AppError","msg":"From error handler"}
{"level":50,"time":1788371248267,"pid":13744,"hostname":"SHAMEEM","req":{"id":10,"method":"GET","url":"/api/v1/auth/me","query":{},"params":{},"headers":{"host":"localhost:4000","connection":"keep-alive","sec-ch-ua-platform":"\"Windows\"","user-agent":"Mozilla/5.0 (Windows NT 10.0; Win64; x64) AppleWebKit/537.36 (KHTML, like Gecko) Chrome/152.0.0.0 Safari/537.36","accept":"application/json, text/plain, */*","sec-ch-ua":"\"Chromium\";v=\"152\", \"Not?A_Brand\";v=\"24\", \"Google Chrome\";v=\"152\"","sec-ch-ua-mobile":"?0","origin":"http://localhost:5173","sec-fetch-site":"same-site","sec-fetch-mode":"cors","sec-fetch-dest":"empty","referer":"http://localhost:5173/","accept-encoding":"gzip, deflate, br, zstd","accept-language":"en-US,en;q=0.9","cookie":"childSession=fd57abb7d9225c04f31f0f9a48755964470070d4ed9823848c9eff13de00eb62; rzp_unified_session_id=TXFjMIHp4YTbRs","if-none-match":"W/\"105-OYAwC6NymtOFNu7jdH813f4dsaI\""},"remoteAddress":"::1","remotePort":58074},"error":"Unauthorized access","msg":"AppError"}
{"level":30,"time":1788371248269,"pid":13744,"hostname":"SHAMEEM","req":{"id":10,"method":"GET","url":"/api/v1/auth/me","query":{},"params":{},"headers":{"host":"localhost:4000","connection":"keep-alive","sec-ch-ua-platform":"\"Windows\"","user-agent":"Mozilla/5.0 (Windows NT 10.0; Win64; x64) AppleWebKit/537.36 (KHTML, like Gecko) Chrome/152.0.0.0 Safari/537.36","accept":"application/json, text/plain, */*","sec-ch-ua":"\"Chromium\";v=\"152\", \"Not?A_Brand\";v=\"24\", \"Google Chrome\";v=\"152\"","sec-ch-ua-mobile":"?0","origin":"http://localhost:5173","sec-fetch-site":"same-site","sec-fetch-mode":"cors","sec-fetch-dest":"empty","referer":"http://localhost:5173/","accept-encoding":"gzip, deflate, br, zstd","accept-language":"en-US,en;q=0.9","cookie":"childSession=fd57abb7d9225c04f31f0f9a48755964470070d4ed9823848c9eff13de00eb62; rzp_unified_session_id=TXFjMIHp4YTbRs","if-none-match":"W/\"105-OYAwC6NymtOFNu7jdH813f4dsaI\""},"remoteAddress":"::1","remotePort":58074},"res":{"statusCode":401,"headers":{"x-powered-by":"Express","access-control-allow-origin":"http://localhost:5173","vary":"Origin","access-control-allow-credentials":"true","content-type":"application/json; charset=utf-8","content-length":"49","etag":"W/\"31-hDaoKFLozfBWajl18riTKbP9NtE\""}},"responseTime":3,"msg":"request completed"}
{"level":50,"time":1788371248279,"pid":13744,"hostname":"SHAMEEM","req":{"id":11,"method":"POST","url":"/api/v1/auth/refresh","query":{},"params":{},"headers":{"host":"localhost:4000","connection":"keep-alive","content-length":"0","sec-ch-ua-platform":"\"Windows\"","user-agent":"Mozilla/5.0 (Windows NT 10.0; Win64; x64) AppleWebKit/537.36 (KHTML, like Gecko) Chrome/152.0.0.0 Safari/537.36","accept":"application/json, text/plain, */*","sec-ch-ua":"\"Chromium\";v=\"152\", \"Not?A_Brand\";v=\"24\", \"Google Chrome\";v=\"152\"","sec-ch-ua-mobile":"?0","origin":"http://localhost:5173","sec-fetch-site":"same-site","sec-fetch-mode":"cors","sec-fetch-dest":"empty","referer":"http://localhost:5173/","accept-encoding":"gzip, deflate, br, zstd","accept-language":"en-US,en;q=0.9","cookie":"childSession=fd57abb7d9225c04f31f0f9a48755964470070d4ed9823848c9eff13de00eb62; rzp_unified_session_id=TXFjMIHp4YTbRs"},"remoteAddress":"::1","remotePort":63229},"message":"Refresh token missing","stack":"AppError: Refresh token missing\n    at RefreshTokenUseCase.execute (D:\\brototype\\CodeCrushGame\\backEnd\\dist\\Application\\Common\\useCases\\RefreshToken.useCase.js:19:19)\n    at AuthController.refreshToken (D:\\brototype\\CodeCrushGame\\backEnd\\dist\\Presentation\\Controllers\\Auth\\auth.controller.js:37:64)\n    at Layer.handleRequest (D:\\brototype\\CodeCrushGame\\backEnd\\node_modules\\router\\lib\\layer.js:152:17)\n    at next (D:\\brototype\\CodeCrushGame\\backEnd\\node_modules\\router\\lib\\route.js:157:13)\n    at Route.dispatch (D:\\brototype\\CodeCrushGame\\backEnd\\node_modules\\router\\lib\\route.js:117:3)\n    at handle (D:\\brototype\\CodeCrushGame\\backEnd\\node_modules\\router\\index.js:435:11)\n    at Layer.handleRequest (D:\\brototype\\CodeCrushGame\\backEnd\\node_modules\\router\\lib\\layer.js:152:17)\n    at D:\\brototype\\CodeCrushGame\\backEnd\\node_modules\\router\\index.js:295:15\n    at processParams (D:\\brototype\\CodeCrushGame\\backEnd\\node_modules\\router\\index.js:582:12)\n    at next (D:\\brototype\\CodeCrushGame\\backEnd\\node_modules\\router\\index.js:291:5)\n    at Function.handle (D:\\brototype\\CodeCrushGame\\backEnd\\node_modules\\router\\index.js:186:3)\n    at router (D:\\brototype\\CodeCrushGame\\backEnd\\node_modules\\router\\index.js:60:12)\n    at Layer.handleRequest (D:\\brototype\\CodeCrushGame\\backEnd\\node_modules\\router\\lib\\layer.js:152:17)\n    at trimPrefix (D:\\brototype\\CodeCrushGame\\backEnd\\node_modules\\router\\index.js:342:13)\n    at D:\\brototype\\CodeCrushGame\\backEnd\\node_modules\\router\\index.js:297:9\n    at processParams (D:\\brototype\\CodeCrushGame\\backEnd\\node_modules\\router\\index.js:582:12)","name":"AppError","msg":"From error handler"}
{"level":50,"time":1788371248279,"pid":13744,"hostname":"SHAMEEM","req":{"id":11,"method":"POST","url":"/api/v1/auth/refresh","query":{},"params":{},"headers":{"host":"localhost:4000","connection":"keep-alive","content-length":"0","sec-ch-ua-platform":"\"Windows\"","user-agent":"Mozilla/5.0 (Windows NT 10.0; Win64; x64) AppleWebKit/537.36 (KHTML, like Gecko) Chrome/152.0.0.0 Safari/537.36","accept":"application/json, text/plain, */*","sec-ch-ua":"\"Chromium\";v=\"152\", \"Not?A_Brand\";v=\"24\", \"Google Chrome\";v=\"152\"","sec-ch-ua-mobile":"?0","origin":"http://localhost:5173","sec-fetch-site":"same-site","sec-fetch-mode":"cors","sec-fetch-dest":"empty","referer":"http://localhost:5173/","accept-encoding":"gzip, deflate, br, zstd","accept-language":"en-US,en;q=0.9","cookie":"childSession=fd57abb7d9225c04f31f0f9a48755964470070d4ed9823848c9eff13de00eb62; rzp_unified_session_id=TXFjMIHp4YTbRs"},"remoteAddress":"::1","remotePort":63229},"error":"Refresh token missing","msg":"AppError"}
{"level":30,"time":1788371248281,"pid":13744,"hostname":"SHAMEEM","req":{"id":11,"method":"POST","url":"/api/v1/auth/refresh","query":{},"params":{},"headers":{"host":"localhost:4000","connection":"keep-alive","content-length":"0","sec-ch-ua-platform":"\"Windows\"","user-agent":"Mozilla/5.0 (Windows NT 10.0; Win64; x64) AppleWebKit/537.36 (KHTML, like Gecko) Chrome/152.0.0.0 Safari/537.36","accept":"application/json, text/plain, */*","sec-ch-ua":"\"Chromium\";v=\"152\", \"Not?A_Brand\";v=\"24\", \"Google Chrome\";v=\"152\"","sec-ch-ua-mobile":"?0","origin":"http://localhost:5173","sec-fetch-site":"same-site","sec-fetch-mode":"cors","sec-fetch-dest":"empty","referer":"http://localhost:5173/","accept-encoding":"gzip, deflate, br, zstd","accept-language":"en-US,en;q=0.9","cookie":"childSession=fd57abb7d9225c04f31f0f9a48755964470070d4ed9823848c9eff13de00eb62; rzp_unified_session_id=TXFjMIHp4YTbRs"},"remoteAddress":"::1","remotePort":63229},"res":{"statusCode":401,"headers":{"x-powered-by":"Express","access-control-allow-origin":"http://localhost:5173","vary":"Origin","access-control-allow-credentials":"true","content-type":"application/json; charset=utf-8","content-length":"51","etag":"W/\"33-pQd55Ni73TVOyRNwT5/09Iy1IQI\""}},"responseTime":10,"msg":"request completed"}
{"level":30,"time":1788371259029,"pid":13744,"hostname":"SHAMEEM","req":{"id":12,"method":"OPTIONS","url":"/api/v1/auth/admin/login","query":{},"params":{},"headers":{"host":"localhost:4000","connection":"keep-alive","accept":"*/*","access-control-request-method":"POST","access-control-request-headers":"content-type","origin":"http://localhost:5173","user-agent":"Mozilla/5.0 (Windows NT 10.0; Win64; x64) AppleWebKit/537.36 (KHTML, like Gecko) Chrome/152.0.0.0 Safari/537.36","sec-fetch-mode":"cors","sec-fetch-site":"same-site","sec-fetch-dest":"empty","referer":"http://localhost:5173/","accept-encoding":"gzip, deflate, br, zstd","accept-language":"en-US,en;q=0.9"},"remoteAddress":"::1","remotePort":49327},"res":{"statusCode":204,"headers":{"x-powered-by":"Express","access-control-allow-origin":"http://localhost:5173","vary":"Origin, Access-Control-Request-Headers","access-control-allow-credentials":"true","access-control-allow-methods":"GET,HEAD,PUT,PATCH,POST,DELETE","access-control-allow-headers":"content-type","content-length":"0"}},"responseTime":1,"msg":"request completed"}
{"level":30,"time":1788371260090,"pid":13744,"hostname":"SHAMEEM","req":{"id":13,"method":"POST","url":"/api/v1/auth/admin/login","query":{},"params":{},"headers":{"host":"localhost:4000","connection":"keep-alive","content-length":"50","sec-ch-ua-platform":"\"Windows\"","user-agent":"Mozilla/5.0 (Windows NT 10.0; Win64; x64) AppleWebKit/537.36 (KHTML, like Gecko) Chrome/152.0.0.0 Safari/537.36","accept":"application/json, text/plain, */*","sec-ch-ua":"\"Chromium\";v=\"152\", \"Not?A_Brand\";v=\"24\", \"Google Chrome\";v=\"152\"","content-type":"application/json","sec-ch-ua-mobile":"?0","origin":"http://localhost:5173","sec-fetch-site":"same-site","sec-fetch-mode":"cors","sec-fetch-dest":"empty","referer":"http://localhost:5173/","accept-encoding":"gzip, deflate, br, zstd","accept-language":"en-US,en;q=0.9","cookie":"childSession=fd57abb7d9225c04f31f0f9a48755964470070d4ed9823848c9eff13de00eb62; rzp_unified_session_id=TXFjMIHp4YTbRs"},"remoteAddress":"::1","remotePort":49934},"res":{"statusCode":200,"headers":{"x-powered-by":"Express","access-control-allow-origin":"http://localhost:5173","vary":"Origin","access-control-allow-credentials":"true","set-cookie":["refreshToken=eyJhbGciOiJIUzI1NiIsInR5cCI6IkpXVCJ9.eyJpZCI6IjZhMGMyZTUyOTlhYmNmNDI1Njg4ODc2MSIsInJvbGUiOiJBRE1JTiIsImlhdCI6MTc4ODM3MTI2MCwiZXhwIjoyMzkzMTcxMjYwfQ.-itwGJbZiVCHzM8OyP1ngjGcCStA95tWF0yAL5F6Mss; Max-Age=604800; Path=/; Expires=Wed, 09 Sep 2026 17:47:40 GMT; HttpOnly; Secure; SameSite=None","accessToken=eyJhbGciOiJIUzI1NiIsInR5cCI6IkpXVCJ9.eyJpZCI6IjZhMGMyZTUyOTlhYmNmNDI1Njg4ODc2MSIsImVtYWlsIjoiYWRtaW5AZ21haWwuY29tIiwicm9sZSI6IkFETUlOIiwiaWF0IjoxNzg4MzcxMjYwLCJleHAiOjE3ODkyNzEyNjB9.Jno9cG0UuArcd_FuNCF0Sy-nEBzSGCg9O3-159qExQU; Max-Age=604800; Path=/; Expires=Wed, 09 Sep 2026 17:47:40 GMT; HttpOnly; Secure; SameSite=None"],"content-type":"application/json; charset=utf-8","content-length":"160","etag":"W/\"a0-hIBGdcV7yESUYbCCosMwNcT31pY\""}},"responseTime":1059,"msg":"request completed"}
{"level":30,"time":1788371260238,"pid":13744,"hostname":"SHAMEEM","req":{"id":14,"method":"GET","url":"/api/v1/auth/admin/dashboard/stats","query":{},"params":{},"headers":{"host":"localhost:4000","connection":"keep-alive","sec-ch-ua-platform":"\"Windows\"","user-agent":"Mozilla/5.0 (Windows NT 10.0; Win64; x64) AppleWebKit/537.36 (KHTML, like Gecko) Chrome/152.0.0.0 Safari/537.36","accept":"application/json, text/plain, */*","sec-ch-ua":"\"Chromium\";v=\"152\", \"Not?A_Brand\";v=\"24\", \"Google Chrome\";v=\"152\"","sec-ch-ua-mobile":"?0","origin":"http://localhost:5173","sec-fetch-site":"same-site","sec-fetch-mode":"cors","sec-fetch-dest":"empty","referer":"http://localhost:5173/","accept-encoding":"gzip, deflate, br, zstd","accept-language":"en-US,en;q=0.9","cookie":"childSession=fd57abb7d9225c04f31f0f9a48755964470070d4ed9823848c9eff13de00eb62; rzp_unified_session_id=TXFjMIHp4YTbRs; refreshToken=eyJhbGciOiJIUzI1NiIsInR5cCI6IkpXVCJ9.eyJpZCI6IjZhMGMyZTUyOTlhYmNmNDI1Njg4ODc2MSIsInJvbGUiOiJBRE1JTiIsImlhdCI6MTc4ODM3MTI2MCwiZXhwIjoyMzkzMTcxMjYwfQ.-itwGJbZiVCHzM8OyP1ngjGcCStA95tWF0yAL5F6Mss; accessToken=eyJhbGciOiJIUzI1NiIsInR5cCI6IkpXVCJ9.eyJpZCI6IjZhMGMyZTUyOTlhYmNmNDI1Njg4ODc2MSIsImVtYWlsIjoiYWRtaW5AZ21haWwuY29tIiwicm9sZSI6IkFETUlOIiwiaWF0IjoxNzg4MzcxMjYwLCJleHAiOjE3ODkyNzEyNjB9.Jno9cG0UuArcd_FuNCF0Sy-nEBzSGCg9O3-159qExQU"},"remoteAddress":"::1","remotePort":49934},"res":{"statusCode":404,"headers":{"x-powered-by":"Express","access-control-allow-origin":"http://localhost:5173","vary":"Origin","access-control-allow-credentials":"true","content-security-policy":"default-src 'none'","x-content-type-options":"nosniff","content-type":"text/html; charset=utf-8","content-length":172}},"responseTime":26,"msg":"request completed"}
{"level":30,"time":1788371260250,"pid":13744,"hostname":"SHAMEEM","req":{"id":16,"method":"GET","url":"/api/v1/auth/admin/dashboard/stats","query":{},"params":{},"headers":{"host":"localhost:4000","connection":"keep-alive","sec-ch-ua-platform":"\"Windows\"","user-agent":"Mozilla/5.0 (Windows NT 10.0; Win64; x64) AppleWebKit/537.36 (KHTML, like Gecko) Chrome/152.0.0.0 Safari/537.36","accept":"application/json, text/plain, */*","sec-ch-ua":"\"Chromium\";v=\"152\", \"Not?A_Brand\";v=\"24\", \"Google Chrome\";v=\"152\"","sec-ch-ua-mobile":"?0","origin":"http://localhost:5173","sec-fetch-site":"same-site","sec-fetch-mode":"cors","sec-fetch-dest":"empty","referer":"http://localhost:5173/","accept-encoding":"gzip, deflate, br, zstd","accept-language":"en-US,en;q=0.9","cookie":"childSession=fd57abb7d9225c04f31f0f9a48755964470070d4ed9823848c9eff13de00eb62; rzp_unified_session_id=TXFjMIHp4YTbRs; refreshToken=eyJhbGciOiJIUzI1NiIsInR5cCI6IkpXVCJ9.eyJpZCI6IjZhMGMyZTUyOTlhYmNmNDI1Njg4ODc2MSIsInJvbGUiOiJBRE1JTiIsImlhdCI6MTc4ODM3MTI2MCwiZXhwIjoyMzkzMTcxMjYwfQ.-itwGJbZiVCHzM8OyP1ngjGcCStA95tWF0yAL5F6Mss; accessToken=eyJhbGciOiJIUzI1NiIsInR5cCI6IkpXVCJ9.eyJpZCI6IjZhMGMyZTUyOTlhYmNmNDI1Njg4ODc2MSIsImVtYWlsIjoiYWRtaW5AZ21haWwuY29tIiwicm9sZSI6IkFETUlOIiwiaWF0IjoxNzg4MzcxMjYwLCJleHAiOjE3ODkyNzEyNjB9.Jno9cG0UuArcd_FuNCF0Sy-nEBzSGCg9O3-159qExQU"},"remoteAddress":"::1","remotePort":49934},"res":{"statusCode":404,"headers":{"x-powered-by":"Express","access-control-allow-origin":"http://localhost:5173","vary":"Origin","access-control-allow-credentials":"true","content-security-policy":"default-src 'none'","x-content-type-options":"nosniff","content-type":"text/html; charset=utf-8","content-length":172}},"responseTime":9,"msg":"request completed"}
{"level":30,"time":1788371260265,"pid":13744,"hostname":"SHAMEEM","req":{"id":15,"method":"GET","url":"/api/v1/auth/me","query":{},"params":{},"headers":{"host":"localhost:4000","connection":"keep-alive","sec-ch-ua-platform":"\"Windows\"","user-agent":"Mozilla/5.0 (Windows NT 10.0; Win64; x64) AppleWebKit/537.36 (KHTML, like Gecko) Chrome/152.0.0.0 Safari/537.36","accept":"application/json, text/plain, */*","sec-ch-ua":"\"Chromium\";v=\"152\", \"Not?A_Brand\";v=\"24\", \"Google Chrome\";v=\"152\"","sec-ch-ua-mobile":"?0","origin":"http://localhost:5173","sec-fetch-site":"same-site","sec-fetch-mode":"cors","sec-fetch-dest":"empty","referer":"http://localhost:5173/","accept-encoding":"gzip, deflate, br, zstd","accept-language":"en-US,en;q=0.9","cookie":"childSession=fd57abb7d9225c04f31f0f9a48755964470070d4ed9823848c9eff13de00eb62; rzp_unified_session_id=TXFjMIHp4YTbRs; refreshToken=eyJhbGciOiJIUzI1NiIsInR5cCI6IkpXVCJ9.eyJpZCI6IjZhMGMyZTUyOTlhYmNmNDI1Njg4ODc2MSIsInJvbGUiOiJBRE1JTiIsImlhdCI6MTc4ODM3MTI2MCwiZXhwIjoyMzkzMTcxMjYwfQ.-itwGJbZiVCHzM8OyP1ngjGcCStA95tWF0yAL5F6Mss; accessToken=eyJhbGciOiJIUzI1NiIsInR5cCI6IkpXVCJ9.eyJpZCI6IjZhMGMyZTUyOTlhYmNmNDI1Njg4ODc2MSIsImVtYWlsIjoiYWRtaW5AZ21haWwuY29tIiwicm9sZSI6IkFETUlOIiwiaWF0IjoxNzg4MzcxMjYwLCJleHAiOjE3ODkyNzEyNjB9.Jno9cG0UuArcd_FuNCF0Sy-nEBzSGCg9O3-159qExQU","if-none-match":"W/\"105-OYAwC6NymtOFNu7jdH813f4dsaI\""},"remoteAddress":"::1","remotePort":61934},"res":{"statusCode":200,"headers":{"x-powered-by":"Express","access-control-allow-origin":"http://localhost:5173","vary":"Origin","access-control-allow-credentials":"true","content-type":"application/json; charset=utf-8","content-length":"157","etag":"W/\"9d-Wefx2FHKcgQiOkDYV+9tq50l4Co\""}},"responseTime":39,"msg":"request completed"}
{"level":30,"time":1788371260301,"pid":13744,"hostname":"SHAMEEM","req":{"id":18,"method":"GET","url":"/api/v1/auth/admin/dashboard/stats","query":{},"params":{},"headers":{"host":"localhost:4000","connection":"keep-alive","sec-ch-ua-platform":"\"Windows\"","user-agent":"Mozilla/5.0 (Windows NT 10.0; Win64; x64) AppleWebKit/537.36 (KHTML, like Gecko) Chrome/152.0.0.0 Safari/537.36","accept":"application/json, text/plain, */*","sec-ch-ua":"\"Chromium\";v=\"152\", \"Not?A_Brand\";v=\"24\", \"Google Chrome\";v=\"152\"","sec-ch-ua-mobile":"?0","origin":"http://localhost:5173","sec-fetch-site":"same-site","sec-fetch-mode":"cors","sec-fetch-dest":"empty","referer":"http://localhost:5173/","accept-encoding":"gzip, deflate, br, zstd","accept-language":"en-US,en;q=0.9","cookie":"childSession=fd57abb7d9225c04f31f0f9a48755964470070d4ed9823848c9eff13de00eb62; rzp_unified_session_id=TXFjMIHp4YTbRs; refreshToken=eyJhbGciOiJIUzI1NiIsInR5cCI6IkpXVCJ9.eyJpZCI6IjZhMGMyZTUyOTlhYmNmNDI1Njg4ODc2MSIsInJvbGUiOiJBRE1JTiIsImlhdCI6MTc4ODM3MTI2MCwiZXhwIjoyMzkzMTcxMjYwfQ.-itwGJbZiVCHzM8OyP1ngjGcCStA95tWF0yAL5F6Mss; accessToken=eyJhbGciOiJIUzI1NiIsInR5cCI6IkpXVCJ9.eyJpZCI6IjZhMGMyZTUyOTlhYmNmNDI1Njg4ODc2MSIsImVtYWlsIjoiYWRtaW5AZ21haWwuY29tIiwicm9sZSI6IkFETUlOIiwiaWF0IjoxNzg4MzcxMjYwLCJleHAiOjE3ODkyNzEyNjB9.Jno9cG0UuArcd_FuNCF0Sy-nEBzSGCg9O3-159qExQU"},"remoteAddress":"::1","remotePort":49934},"res":{"statusCode":404,"headers":{"x-powered-by":"Express","access-control-allow-origin":"http://localhost:5173","vary":"Origin","access-control-allow-credentials":"true","content-security-policy":"default-src 'none'","x-content-type-options":"nosniff","content-type":"text/html; charset=utf-8","content-length":172}},"responseTime":4,"msg":"request completed"}
{"level":30,"time":1788371260309,"pid":13744,"hostname":"SHAMEEM","req":{"id":19,"method":"GET","url":"/api/v1/auth/admin/dashboard/stats","query":{},"params":{},"headers":{"host":"localhost:4000","connection":"keep-alive","sec-ch-ua-platform":"\"Windows\"","user-agent":"Mozilla/5.0 (Windows NT 10.0; Win64; x64) AppleWebKit/537.36 (KHTML, like Gecko) Chrome/152.0.0.0 Safari/537.36","accept":"application/json, text/plain, */*","sec-ch-ua":"\"Chromium\";v=\"152\", \"Not?A_Brand\";v=\"24\", \"Google Chrome\";v=\"152\"","sec-ch-ua-mobile":"?0","origin":"http://localhost:5173","sec-fetch-site":"same-site","sec-fetch-mode":"cors","sec-fetch-dest":"empty","referer":"http://localhost:5173/","accept-encoding":"gzip, deflate, br, zstd","accept-language":"en-US,en;q=0.9","cookie":"childSession=fd57abb7d9225c04f31f0f9a48755964470070d4ed9823848c9eff13de00eb62; rzp_unified_session_id=TXFjMIHp4YTbRs; refreshToken=eyJhbGciOiJIUzI1NiIsInR5cCI6IkpXVCJ9.eyJpZCI6IjZhMGMyZTUyOTlhYmNmNDI1Njg4ODc2MSIsInJvbGUiOiJBRE1JTiIsImlhdCI6MTc4ODM3MTI2MCwiZXhwIjoyMzkzMTcxMjYwfQ.-itwGJbZiVCHzM8OyP1ngjGcCStA95tWF0yAL5F6Mss; accessToken=eyJhbGciOiJIUzI1NiIsInR5cCI6IkpXVCJ9.eyJpZCI6IjZhMGMyZTUyOTlhYmNmNDI1Njg4ODc2MSIsImVtYWlsIjoiYWRtaW5AZ21haWwuY29tIiwicm9sZSI6IkFETUlOIiwiaWF0IjoxNzg4MzcxMjYwLCJleHAiOjE3ODkyNzEyNjB9.Jno9cG0UuArcd_FuNCF0Sy-nEBzSGCg9O3-159qExQU"},"remoteAddress":"::1","remotePort":49934},"res":{"statusCode":404,"headers":{"x-powered-by":"Express","access-control-allow-origin":"http://localhost:5173","vary":"Origin","access-control-allow-credentials":"true","content-security-policy":"default-src 'none'","x-content-type-options":"nosniff","content-type":"text/html; charset=utf-8","content-length":172}},"responseTime":5,"msg":"request completed"}
{"level":30,"time":1788371260321,"pid":13744,"hostname":"SHAMEEM","req":{"id":17,"method":"GET","url":"/api/v1/auth/me","query":{},"params":{},"headers":{"host":"localhost:4000","connection":"keep-alive","sec-ch-ua-platform":"\"Windows\"","user-agent":"Mozilla/5.0 (Windows NT 10.0; Win64; x64) AppleWebKit/537.36 (KHTML, like Gecko) Chrome/152.0.0.0 Safari/537.36","accept":"application/json, text/plain, */*","sec-ch-ua":"\"Chromium\";v=\"152\", \"Not?A_Brand\";v=\"24\", \"Google Chrome\";v=\"152\"","sec-ch-ua-mobile":"?0","origin":"http://localhost:5173","sec-fetch-site":"same-site","sec-fetch-mode":"cors","sec-fetch-dest":"empty","referer":"http://localhost:5173/","accept-encoding":"gzip, deflate, br, zstd","accept-language":"en-US,en;q=0.9","cookie":"childSession=fd57abb7d9225c04f31f0f9a48755964470070d4ed9823848c9eff13de00eb62; rzp_unified_session_id=TXFjMIHp4YTbRs; refreshToken=eyJhbGciOiJIUzI1NiIsInR5cCI6IkpXVCJ9.eyJpZCI6IjZhMGMyZTUyOTlhYmNmNDI1Njg4ODc2MSIsInJvbGUiOiJBRE1JTiIsImlhdCI6MTc4ODM3MTI2MCwiZXhwIjoyMzkzMTcxMjYwfQ.-itwGJbZiVCHzM8OyP1ngjGcCStA95tWF0yAL5F6Mss; accessToken=eyJhbGciOiJIUzI1NiIsInR5cCI6IkpXVCJ9.eyJpZCI6IjZhMGMyZTUyOTlhYmNmNDI1Njg4ODc2MSIsImVtYWlsIjoiYWRtaW5AZ21haWwuY29tIiwicm9sZSI6IkFETUlOIiwiaWF0IjoxNzg4MzcxMjYwLCJleHAiOjE3ODkyNzEyNjB9.Jno9cG0UuArcd_FuNCF0Sy-nEBzSGCg9O3-159qExQU","if-none-match":"W/\"9d-Wefx2FHKcgQiOkDYV+9tq50l4Co\""},"remoteAddress":"::1","remotePort":61934},"res":{"statusCode":304,"headers":{"x-powered-by":"Express","access-control-allow-origin":"http://localhost:5173","vary":"Origin","access-control-allow-credentials":"true","etag":"W/\"9d-Wefx2FHKcgQiOkDYV+9tq50l4Co\""}},"responseTime":54,"msg":"request completed"}
{"level":30,"time":1788371280010,"pid":13744,"hostname":"SHAMEEM","msg":"Running Contest Finalization Job..."}
{"level":30,"time":1788371280050,"pid":13744,"hostname":"SHAMEEM","msg":"Contest Finalization Job Completed."}
{"level":30,"time":1788371281240,"pid":13744,"hostname":"SHAMEEM","req":{"id":20,"method":"GET","url":"/api/v1/auth/me","query":{},"params":{},"headers":{"host":"localhost:4000","connection":"keep-alive","sec-ch-ua-platform":"\"Windows\"","user-agent":"Mozilla/5.0 (Windows NT 10.0; Win64; x64) AppleWebKit/537.36 (KHTML, like Gecko) Chrome/152.0.0.0 Safari/537.36","accept":"application/json, text/plain, */*","sec-ch-ua":"\"Chromium\";v=\"152\", \"Not?A_Brand\";v=\"24\", \"Google Chrome\";v=\"152\"","sec-ch-ua-mobile":"?0","origin":"http://localhost:5173","sec-fetch-site":"same-site","sec-fetch-mode":"cors","sec-fetch-dest":"empty","referer":"http://localhost:5173/","accept-encoding":"gzip, deflate, br, zstd","accept-language":"en-US,en;q=0.9","cookie":"childSession=fd57abb7d9225c04f31f0f9a48755964470070d4ed9823848c9eff13de00eb62; rzp_unified_session_id=TXFjMIHp4YTbRs; refreshToken=eyJhbGciOiJIUzI1NiIsInR5cCI6IkpXVCJ9.eyJpZCI6IjZhMGMyZTUyOTlhYmNmNDI1Njg4ODc2MSIsInJvbGUiOiJBRE1JTiIsImlhdCI6MTc4ODM3MTI2MCwiZXhwIjoyMzkzMTcxMjYwfQ.-itwGJbZiVCHzM8OyP1ngjGcCStA95tWF0yAL5F6Mss; accessToken=eyJhbGciOiJIUzI1NiIsInR5cCI6IkpXVCJ9.eyJpZCI6IjZhMGMyZTUyOTlhYmNmNDI1Njg4ODc2MSIsImVtYWlsIjoiYWRtaW5AZ21haWwuY29tIiwicm9sZSI6IkFETUlOIiwiaWF0IjoxNzg4MzcxMjYwLCJleHAiOjE3ODkyNzEyNjB9.Jno9cG0UuArcd_FuNCF0Sy-nEBzSGCg9O3-159qExQU","if-none-match":"W/\"9d-Wefx2FHKcgQiOkDYV+9tq50l4Co\""},"remoteAddress":"::1","remotePort":56035},"res":{"statusCode":304,"headers":{"x-powered-by":"Express","access-control-allow-origin":"http://localhost:5173","vary":"Origin","access-control-allow-credentials":"true","etag":"W/\"9d-Wefx2FHKcgQiOkDYV+9tq50l4Co\""}},"responseTime":48,"msg":"request completed"}
{"level":30,"time":1788371281283,"pid":13744,"hostname":"SHAMEEM","req":{"id":21,"method":"GET","url":"/api/v1/auth/me","query":{},"params":{},"headers":{"host":"localhost:4000","connection":"keep-alive","sec-ch-ua-platform":"\"Windows\"","user-agent":"Mozilla/5.0 (Windows NT 10.0; Win64; x64) AppleWebKit/537.36 (KHTML, like Gecko) Chrome/152.0.0.0 Safari/537.36","accept":"application/json, text/plain, */*","sec-ch-ua":"\"Chromium\";v=\"152\", \"Not?A_Brand\";v=\"24\", \"Google Chrome\";v=\"152\"","sec-ch-ua-mobile":"?0","origin":"http://localhost:5173","sec-fetch-site":"same-site","sec-fetch-mode":"cors","sec-fetch-dest":"empty","referer":"http://localhost:5173/","accept-encoding":"gzip, deflate, br, zstd","accept-language":"en-US,en;q=0.9","cookie":"childSession=fd57abb7d9225c04f31f0f9a48755964470070d4ed9823848c9eff13de00eb62; rzp_unified_session_id=TXFjMIHp4YTbRs; refreshToken=eyJhbGciOiJIUzI1NiIsInR5cCI6IkpXVCJ9.eyJpZCI6IjZhMGMyZTUyOTlhYmNmNDI1Njg4ODc2MSIsInJvbGUiOiJBRE1JTiIsImlhdCI6MTc4ODM3MTI2MCwiZXhwIjoyMzkzMTcxMjYwfQ.-itwGJbZiVCHzM8OyP1ngjGcCStA95tWF0yAL5F6Mss; accessToken=eyJhbGciOiJIUzI1NiIsInR5cCI6IkpXVCJ9.eyJpZCI6IjZhMGMyZTUyOTlhYmNmNDI1Njg4ODc2MSIsImVtYWlsIjoiYWRtaW5AZ21haWwuY29tIiwicm9sZSI6IkFETUlOIiwiaWF0IjoxNzg4MzcxMjYwLCJleHAiOjE3ODkyNzEyNjB9.Jno9cG0UuArcd_FuNCF0Sy-nEBzSGCg9O3-159qExQU","if-none-match":"W/\"9d-Wefx2FHKcgQiOkDYV+9tq50l4Co\""},"remoteAddress":"::1","remotePort":56035},"res":{"statusCode":304,"headers":{"x-powered-by":"Express","access-control-allow-origin":"http://localhost:5173","vary":"Origin","access-control-allow-credentials":"true","etag":"W/\"9d-Wefx2FHKcgQiOkDYV+9tq50l4Co\""}},"responseTime":40,"msg":"request completed"}
{"level":30,"time":1788371281670,"pid":13744,"hostname":"SHAMEEM","req":{"id":22,"method":"GET","url":"/api/v1/auth/admin/dashboard/stats","query":{},"params":{},"headers":{"host":"localhost:4000","connection":"keep-alive","sec-ch-ua-platform":"\"Windows\"","user-agent":"Mozilla/5.0 (Windows NT 10.0; Win64; x64) AppleWebKit/537.36 (KHTML, like Gecko) Chrome/152.0.0.0 Safari/537.36","accept":"application/json, text/plain, */*","sec-ch-ua":"\"Chromium\";v=\"152\", \"Not?A_Brand\";v=\"24\", \"Google Chrome\";v=\"152\"","sec-ch-ua-mobile":"?0","origin":"http://localhost:5173","sec-fetch-site":"same-site","sec-fetch-mode":"cors","sec-fetch-dest":"empty","referer":"http://localhost:5173/","accept-encoding":"gzip, deflate, br, zstd","accept-language":"en-US,en;q=0.9","cookie":"childSession=fd57abb7d9225c04f31f0f9a48755964470070d4ed9823848c9eff13de00eb62; rzp_unified_session_id=TXFjMIHp4YTbRs; refreshToken=eyJhbGciOiJIUzI1NiIsInR5cCI6IkpXVCJ9.eyJpZCI6IjZhMGMyZTUyOTlhYmNmNDI1Njg4ODc2MSIsInJvbGUiOiJBRE1JTiIsImlhdCI6MTc4ODM3MTI2MCwiZXhwIjoyMzkzMTcxMjYwfQ.-itwGJbZiVCHzM8OyP1ngjGcCStA95tWF0yAL5F6Mss; accessToken=eyJhbGciOiJIUzI1NiIsInR5cCI6IkpXVCJ9.eyJpZCI6IjZhMGMyZTUyOTlhYmNmNDI1Njg4ODc2MSIsImVtYWlsIjoiYWRtaW5AZ21haWwuY29tIiwicm9sZSI6IkFETUlOIiwiaWF0IjoxNzg4MzcxMjYwLCJleHAiOjE3ODkyNzEyNjB9.Jno9cG0UuArcd_FuNCF0Sy-nEBzSGCg9O3-159qExQU"},"remoteAddress":"::1","remotePort":56035},"res":{"statusCode":404,"headers":{"x-powered-by":"Express","access-control-allow-origin":"http://localhost:5173","vary":"Origin","access-control-allow-credentials":"true","content-security-policy":"default-src 'none'","x-content-type-options":"nosniff","content-type":"text/html; charset=utf-8","content-length":172}},"responseTime":12,"msg":"request completed"}
{"level":30,"time":1788371281684,"pid":13744,"hostname":"SHAMEEM","req":{"id":24,"method":"GET","url":"/api/v1/auth/admin/dashboard/stats","query":{},"params":{},"headers":{"host":"localhost:4000","connection":"keep-alive","sec-ch-ua-platform":"\"Windows\"","user-agent":"Mozilla/5.0 (Windows NT 10.0; Win64; x64) AppleWebKit/537.36 (KHTML, like Gecko) Chrome/152.0.0.0 Safari/537.36","accept":"application/json, text/plain, */*","sec-ch-ua":"\"Chromium\";v=\"152\", \"Not?A_Brand\";v=\"24\", \"Google Chrome\";v=\"152\"","sec-ch-ua-mobile":"?0","origin":"http://localhost:5173","sec-fetch-site":"same-site","sec-fetch-mode":"cors","sec-fetch-dest":"empty","referer":"http://localhost:5173/","accept-encoding":"gzip, deflate, br, zstd","accept-language":"en-US,en;q=0.9","cookie":"childSession=fd57abb7d9225c04f31f0f9a48755964470070d4ed9823848c9eff13de00eb62; rzp_unified_session_id=TXFjMIHp4YTbRs; refreshToken=eyJhbGciOiJIUzI1NiIsInR5cCI6IkpXVCJ9.eyJpZCI6IjZhMGMyZTUyOTlhYmNmNDI1Njg4ODc2MSIsInJvbGUiOiJBRE1JTiIsImlhdCI6MTc4ODM3MTI2MCwiZXhwIjoyMzkzMTcxMjYwfQ.-itwGJbZiVCHzM8OyP1ngjGcCStA95tWF0yAL5F6Mss; accessToken=eyJhbGciOiJIUzI1NiIsInR5cCI6IkpXVCJ9.eyJpZCI6IjZhMGMyZTUyOTlhYmNmNDI1Njg4ODc2MSIsImVtYWlsIjoiYWRtaW5AZ21haWwuY29tIiwicm9sZSI6IkFETUlOIiwiaWF0IjoxNzg4MzcxMjYwLCJleHAiOjE3ODkyNzEyNjB9.Jno9cG0UuArcd_FuNCF0Sy-nEBzSGCg9O3-159qExQU"},"remoteAddress":"::1","remotePort":56035},"res":{"statusCode":404,"headers":{"x-powered-by":"Express","access-control-allow-origin":"http://localhost:5173","vary":"Origin","access-control-allow-credentials":"true","content-security-policy":"default-src 'none'","x-content-type-options":"nosniff","content-type":"text/html; charset=utf-8","content-length":172}},"responseTime":10,"msg":"request completed"}
{"level":30,"time":1788371281705,"pid":13744,"hostname":"SHAMEEM","req":{"id":23,"method":"GET","url":"/api/v1/auth/me","query":{},"params":{},"headers":{"host":"localhost:4000","connection":"keep-alive","sec-ch-ua-platform":"\"Windows\"","user-agent":"Mozilla/5.0 (Windows NT 10.0; Win64; x64) AppleWebKit/537.36 (KHTML, like Gecko) Chrome/152.0.0.0 Safari/537.36","accept":"application/json, text/plain, */*","sec-ch-ua":"\"Chromium\";v=\"152\", \"Not?A_Brand\";v=\"24\", \"Google Chrome\";v=\"152\"","sec-ch-ua-mobile":"?0","origin":"http://localhost:5173","sec-fetch-site":"same-site","sec-fetch-mode":"cors","sec-fetch-dest":"empty","referer":"http://localhost:5173/","accept-encoding":"gzip, deflate, br, zstd","accept-language":"en-US,en;q=0.9","cookie":"childSession=fd57abb7d9225c04f31f0f9a48755964470070d4ed9823848c9eff13de00eb62; rzp_unified_session_id=TXFjMIHp4YTbRs; refreshToken=eyJhbGciOiJIUzI1NiIsInR5cCI6IkpXVCJ9.eyJpZCI6IjZhMGMyZTUyOTlhYmNmNDI1Njg4ODc2MSIsInJvbGUiOiJBRE1JTiIsImlhdCI6MTc4ODM3MTI2MCwiZXhwIjoyMzkzMTcxMjYwfQ.-itwGJbZiVCHzM8OyP1ngjGcCStA95tWF0yAL5F6Mss; accessToken=eyJhbGciOiJIUzI1NiIsInR5cCI6IkpXVCJ9.eyJpZCI6IjZhMGMyZTUyOTlhYmNmNDI1Njg4ODc2MSIsImVtYWlsIjoiYWRtaW5AZ21haWwuY29tIiwicm9sZSI6IkFETUlOIiwiaWF0IjoxNzg4MzcxMjYwLCJleHAiOjE3ODkyNzEyNjB9.Jno9cG0UuArcd_FuNCF0Sy-nEBzSGCg9O3-159qExQU","if-none-match":"W/\"9d-Wefx2FHKcgQiOkDYV+9tq50l4Co\""},"remoteAddress":"::1","remotePort":57252},"res":{"statusCode":304,"headers":{"x-powered-by":"Express","access-control-allow-origin":"http://localhost:5173","vary":"Origin","access-control-allow-credentials":"true","etag":"W/\"9d-Wefx2FHKcgQiOkDYV+9tq50l4Co\""}},"responseTime":42,"msg":"request completed"}
{"level":30,"time":1788371281820,"pid":13744,"hostname":"SHAMEEM","req":{"id":25,"method":"GET","url":"/api/v1/auth/admin/dashboard/stats","query":{},"params":{},"headers":{"host":"localhost:4000","connection":"keep-alive","sec-ch-ua-platform":"\"Windows\"","user-agent":"Mozilla/5.0 (Windows NT 10.0; Win64; x64) AppleWebKit/537.36 (KHTML, like Gecko) Chrome/152.0.0.0 Safari/537.36","accept":"application/json, text/plain, */*","sec-ch-ua":"\"Chromium\";v=\"152\", \"Not?A_Brand\";v=\"24\", \"Google Chrome\";v=\"152\"","sec-ch-ua-mobile":"?0","origin":"http://localhost:5173","sec-fetch-site":"same-site","sec-fetch-mode":"cors","sec-fetch-dest":"empty","referer":"http://localhost:5173/","accept-encoding":"gzip, deflate, br, zstd","accept-language":"en-US,en;q=0.9","cookie":"childSession=fd57abb7d9225c04f31f0f9a48755964470070d4ed9823848c9eff13de00eb62; rzp_unified_session_id=TXFjMIHp4YTbRs; refreshToken=eyJhbGciOiJIUzI1NiIsInR5cCI6IkpXVCJ9.eyJpZCI6IjZhMGMyZTUyOTlhYmNmNDI1Njg4ODc2MSIsInJvbGUiOiJBRE1JTiIsImlhdCI6MTc4ODM3MTI2MCwiZXhwIjoyMzkzMTcxMjYwfQ.-itwGJbZiVCHzM8OyP1ngjGcCStA95tWF0yAL5F6Mss; accessToken=eyJhbGciOiJIUzI1NiIsInR5cCI6IkpXVCJ9.eyJpZCI6IjZhMGMyZTUyOTlhYmNmNDI1Njg4ODc2MSIsImVtYWlsIjoiYWRtaW5AZ21haWwuY29tIiwicm9sZSI6IkFETUlOIiwiaWF0IjoxNzg4MzcxMjYwLCJleHAiOjE3ODkyNzEyNjB9.Jno9cG0UuArcd_FuNCF0Sy-nEBzSGCg9O3-159qExQU"},"remoteAddress":"::1","remotePort":57252},"res":{"statusCode":404,"headers":{"x-powered-by":"Express","access-control-allow-origin":"http://localhost:5173","vary":"Origin","access-control-allow-credentials":"true","content-security-policy":"default-src 'none'","x-content-type-options":"nosniff","content-type":"text/html; charset=utf-8","content-length":172}},"responseTime":7,"msg":"request completed"}
{"level":30,"time":1788371281827,"pid":13744,"hostname":"SHAMEEM","req":{"id":26,"method":"GET","url":"/api/v1/auth/admin/dashboard/stats","query":{},"params":{},"headers":{"host":"localhost:4000","connection":"keep-alive","sec-ch-ua-platform":"\"Windows\"","user-agent":"Mozilla/5.0 (Windows NT 10.0; Win64; x64) AppleWebKit/537.36 (KHTML, like Gecko) Chrome/152.0.0.0 Safari/537.36","accept":"application/json, text/plain, */*","sec-ch-ua":"\"Chromium\";v=\"152\", \"Not?A_Brand\";v=\"24\", \"Google Chrome\";v=\"152\"","sec-ch-ua-mobile":"?0","origin":"http://localhost:5173","sec-fetch-site":"same-site","sec-fetch-mode":"cors","sec-fetch-dest":"empty","referer":"http://localhost:5173/","accept-encoding":"gzip, deflate, br, zstd","accept-language":"en-US,en;q=0.9","cookie":"childSession=fd57abb7d9225c04f31f0f9a48755964470070d4ed9823848c9eff13de00eb62; rzp_unified_session_id=TXFjMIHp4YTbRs; refreshToken=eyJhbGciOiJIUzI1NiIsInR5cCI6IkpXVCJ9.eyJpZCI6IjZhMGMyZTUyOTlhYmNmNDI1Njg4ODc2MSIsInJvbGUiOiJBRE1JTiIsImlhdCI6MTc4ODM3MTI2MCwiZXhwIjoyMzkzMTcxMjYwfQ.-itwGJbZiVCHzM8OyP1ngjGcCStA95tWF0yAL5F6Mss; accessToken=eyJhbGciOiJIUzI1NiIsInR5cCI6IkpXVCJ9.eyJpZCI6IjZhMGMyZTUyOTlhYmNmNDI1Njg4ODc2MSIsImVtYWlsIjoiYWRtaW5AZ21haWwuY29tIiwicm9sZSI6IkFETUlOIiwiaWF0IjoxNzg4MzcxMjYwLCJleHAiOjE3ODkyNzEyNjB9.Jno9cG0UuArcd_FuNCF0Sy-nEBzSGCg9O3-159qExQU"},"remoteAddress":"::1","remotePort":57252},"res":{"statusCode":404,"headers":{"x-powered-by":"Express","access-control-allow-origin":"http://localhost:5173","vary":"Origin","access-control-allow-credentials":"true","content-security-policy":"default-src 'none'","x-content-type-options":"nosniff","content-type":"text/html; charset=utf-8","content-length":172}},"responseTime":5,"msg":"request completed"}
{"level":30,"time":1788371340008,"pid":13744,"hostname":"SHAMEEM","msg":"Running Contest Finalization Job..."}
{"level":30,"time":1788371340047,"pid":13744,"hostname":"SHAMEEM","msg":"Contest Finalization Job Completed."}
{"level":30,"time":1788371400007,"pid":13744,"hostname":"SHAMEEM","msg":"Running Contest Finalization Job..."}
{"level":30,"time":1788371400041,"pid":13744,"hostname":"SHAMEEM","msg":"Contest Finalization Job Completed."}
{"level":30,"time":1788371460020,"pid":13744,"hostname":"SHAMEEM","msg":"Running Contest Finalization Job..."}
{"level":30,"time":1788371460063,"pid":13744,"hostname":"SHAMEEM","msg":"Contest Finalization Job Completed."}
{"level":30,"time":1788371520013,"pid":13744,"hostname":"SHAMEEM","msg":"Running Contest Finalization Job..."}
{"level":30,"time":1788371520055,"pid":13744,"hostname":"SHAMEEM","msg":"Contest Finalization Job Completed."}
{"level":30,"time":1788371580005,"pid":13744,"hostname":"SHAMEEM","msg":"Running Contest Finalization Job..."}
{"level":30,"time":1788371580051,"pid":13744,"hostname":"SHAMEEM","msg":"Contest Finalization Job Completed."}
{"level":30,"time":1788371640011,"pid":13744,"hostname":"SHAMEEM","msg":"Running Contest Finalization Job..."}
{"level":30,"time":1788371640053,"pid":13744,"hostname":"SHAMEEM","msg":"Contest Finalization Job Completed."}
{"level":30,"time":1788371700001,"pid":13744,"hostname":"SHAMEEM","msg":"Running Contest Finalization Job..."}
{"level":30,"time":1788371700037,"pid":13744,"hostname":"SHAMEEM","msg":"Contest Finalization Job Completed."}
{"level":30,"time":1788371760009,"pid":13744,"hostname":"SHAMEEM","msg":"Running Contest Finalization Job..."}
{"level":30,"time":1788371760050,"pid":13744,"hostname":"SHAMEEM","msg":"Contest Finalization Job Completed."}
